{"stats":{"minecraft:dropped":{"minecraft:pumpkin":2,"patchouli:guide_book":1,"regions_unexplored:red_maple_shrub":1},"minecraft:killed":{"minecraft:pillager":1},"minecraft:used":{"minecraft:dirt":4,"minecraft:stone_sword":8,"minecraft:bread":3,"minecraft:chest":1},"minecraft:picked_up":{"minecraft:white_banner":1,"minecraft:arrow":1,"minecraft:pumpkin":4,"patchouli:guide_book":1,"minecraft:golden_leggings":1,"regions_unexplored:red_maple_shrub":1,"minecraft:emerald":1,"minecraft:glow_berries":1,"minecraft:chest":1,"minecraft:dirt":4},"minecraft:crafted":{"minecraft:pumpkin_seeds":4},"minecraft:mined":{"minecraft:grass_block":2,"minecraft:chest":1,"minecraft:dirt":2,"regions_unexplored:medium_grass":1,"minecraft:pumpkin":2,"regions_unexplored:red_maple_shrub":1},"minecraft:custom":{"minecraft:open_chest":1,"minecraft:time_since_rest":17071,"minecraft:crouch_one_cm":913,"lootr:looted_stat":3,"minecraft:play_time":17071,"minecraft:sprint_one_cm":17300,"minecraft:damage_taken":204,"minecraft:walk_one_cm":33276,"minecraft:sneak_time":143,"minecraft:walk_under_water_one_cm":690,"minecraft:mob_kills":1,"minecraft:drop":4,"minecraft:jump":97,"minecraft:damage_dealt":260,"minecraft:time_since_death":17071,"minecraft:walk_on_water_one_cm":1642,"minecraft:climb_one_cm":1322,"minecraft:total_world_time":17071,"minecraft:hex":0,"minecraft:interact_with_crafting_table":2,"minecraft:fall_one_cm":1814,"minecraft:fly_one_cm":13706,"minecraft:horse_one_cm":3452}},"DataVersion":3465}