{"stats":{"minecraft:dropped":{"minecraft:bread":2,"minecraft:stone_sword":1,"regions_unexplored:red_maple_shrub":1,"spellbladenext:fire_orb":1,"spellbladenext:frost_claymore":1,"patchouli:guide_book":1,"regions_unexplored:cattail":2,"minecraft:golden_leggings":1,"minecraft:pumpkin":3},"minecraft:killed":{"minecraft:skeleton":1,"minecraft:pillager":6,"minecraft:zombie":4,"minecraft:player":1},"minecraft:used":{"simplyswords:iron_cutlass":5,"minecraft:stone_sword":58,"minecraft:chest":1,"minecraft:shield":5,"minecraft:rotten_flesh":2,"minecraft:dirt":4,"minecraft:shears":15,"mcdw:crossbow_cog_crossbow":3,"paladins:golden_mace":2,"minecraft:lantern":6,"minecraft:bread":17,"minecraft:iron_pickaxe":21,"minecraft:white_banner":1,"simplyswords:gold_chakram":4,"minecraft:golden_axe":12,"minecraft:experience_bottle":2},"minecraft:picked_up":{"minecraft:golden_leggings":2,"mcdw:crossbow_cog_crossbow":1,"minecraft:dirt":4,"minecraft:lantern":2,"minecraft:white_banner":1,"minecraft:stone_bricks":2,"regions_unexplored:red_maple_shrub":1,"minecraft:iron_ingot":1,"twigs:twig":2,"minecraft:chest":1,"spellbladenext:frost_claymore":1,"minecraft:pumpkin":4,"spellbladenext:fire_orb":1,"patchouli:guide_book":1,"minecraft:oak_fence":7,"simplyswords:diamond_greataxe":1,"simplyswords:iron_cutlass":1,"regions_unexplored:cattail":2,"minecraft:arrow":9,"minecraft:rotten_flesh":3,"minecraft:emerald":2,"paladins:golden_mace":1,"minecraft:bread":2,"minecraft:glow_berries":1,"minecraft:white_wool":22},"minecraft:killed_by":{"minecraft:vindicator":1},"minecraft:crafted":{"minecraft:pumpkin_seeds":4,"minecraft:shears":1},"minecraft:mined":{"minecraft:oak_fence":12,"regions_unexplored:red_maple_shrub":1,"minecraft:grass_block":2,"minecraft:chest":1,"minecraft:tall_grass":1,"minecraft:pumpkin":2,"minecraft:stone_brick_stairs":2,"minecraft:coal_ore":2,"minecraft:gravel":1,"minecraft:dirt":2,"regions_unexplored:medium_grass":1,"minecraft:cracked_stone_bricks":3,"minecraft:stone_bricks":5,"minecraft:stone":6,"minecraft:mossy_stone_bricks":2,"minecraft:white_wool":15},"minecraft:custom":{"lootr:looted_stat":21,"minecraft:mob_kills":11,"minecraft:interact_with_crafting_table":2,"minecraft:raid_trigger":1,"minecraft:damage_dealt_resisted":0,"minecraft:time_since_death":885,"minecraft:climb_one_cm":7068,"minecraft:hex":0,"minecraft:time_since_rest":1041,"minecraft:sprint_one_cm":127657,"minecraft:damage_taken":1167,"minecraft:walk_one_cm":122970,"minecraft:damage_blocked_by_shield":102,"minecraft:drop":13,"minecraft:damage_dealt":1840,"minecraft:swim_one_cm":22823,"minecraft:fly_one_cm":145744,"minecraft:player_kills":1,"minecraft:open_chest":1,"minecraft:crouch_one_cm":2454,"minecraft:play_time":53071,"minecraft:deaths":1,"minecraft:sneak_time":544,"minecraft:walk_under_water_one_cm":4210,"minecraft:jump":724,"minecraft:walk_on_water_one_cm":13620,"minecraft:total_world_time":53071,"minecraft:fall_one_cm":17077,"minecraft:horse_one_cm":3452}},"DataVersion":3465}