{"stats":{"minecraft:dropped":{"patchouli:guide_book":1},"minecraft:picked_up":{"patchouli:guide_book":1},"minecraft:custom":{"minecraft:jump":29,"minecraft:time_since_rest":5071,"minecraft:damage_dealt":20,"minecraft:crouch_one_cm":289,"minecraft:walk_on_water_one_cm":1642,"minecraft:sprint_one_cm":7224,"minecraft:play_time":5071,"minecraft:damage_taken":144,"minecraft:time_since_death":5071,"minecraft:walk_one_cm":19799,"minecraft:sneak_time":38,"minecraft:walk_under_water_one_cm":690,"minecraft:total_world_time":5071,"minecraft:hex":0,"minecraft:drop":1,"minecraft:fall_one_cm":1196,"minecraft:fly_one_cm":3087,"minecraft:horse_one_cm":3452}},"DataVersion":3465}