{"stats":{"minecraft:broken":{"minecraft:golden_axe":1},"minecraft:dropped":{"minecraft:bread":2,"minecraft:oak_log":4,"minecraft:stone_sword":1,"minecraft:crossbow":1,"regions_unexplored:red_maple_shrub":1,"spellbladenext:fire_orb":1,"spellbladenext:frost_claymore":1,"minecraft:oak_fence":2,"minecraft:rotten_flesh":2,"minecells:monsters_eye":1,"minecraft:oak_sign":2,"patchouli:guide_book":1,"spellbladenext:monkeystaff":1,"regions_unexplored:cattail":2,"minecells:infected_flesh":2,"minecraft:shield":1,"minecraft:spruce_trapdoor":2,"minecraft:golden_leggings":1,"minecraft:oak_stairs":1,"minecraft:pumpkin":3,"simplyswords:gold_chakram":1,"minecraft:stripped_spruce_wood":1},"minecraft:killed":{"mythicmobs:drake":1,"minecraft:skeleton":1,"minecraft:pillager":6,"minecraft:zombie":4,"minecells:shieldbearer":2,"minecells:leaping_zombie":6,"minecells:grenadier":2,"minecraft:player":1},"minecraft:used":{"simplyswords:iron_cutlass":5,"minecraft:stone_sword":58,"minecraft:baked_potato":8,"spellbladenext:monkeystaff":161,"minecraft:chest":3,"minecraft:shield":5,"minecraft:rotten_flesh":2,"minecraft:dirt":4,"minecraft:shears":15,"mcdw:crossbow_cog_crossbow":3,"minecraft:dark_oak_planks":1,"paladins:golden_mace":2,"minecraft:lantern":6,"minecraft:bread":21,"minecraft:iron_pickaxe":21,"twigs:twig":2,"minecraft:golden_carrot":1,"minecraft:white_banner":1,"simplyswords:gold_chakram":19,"minecraft:golden_axe":26,"minecraft:experience_bottle":2},"minecraft:picked_up":{"naturalist:venison":4,"minecraft:golden_leggings":2,"spellbladenext:monkeystaff":1,"minecraft:oak_stairs":1,"simplyswords:gold_chakram":1,"minecraft:stripped_spruce_wood":1,"minecraft:oak_log":4,"mcdw:crossbow_cog_crossbow":1,"minecraft:shield":3,"minecraft:gunpowder":1,"minecraft:dirt":4,"minecraft:lantern":2,"minecraft:white_banner":1,"minecraft:oak_sign":2,"minecraft:stone_bricks":2,"regions_unexplored:red_maple_shrub":1,"minecraft:iron_ingot":1,"twigs:twig":2,"minecraft:chest":1,"spellbladenext:frost_claymore":1,"minecraft:spruce_trapdoor":2,"minecells:guts":3,"minecraft:pumpkin":4,"spellbladenext:fire_orb":1,"patchouli:guide_book":1,"minecraft:oak_fence":9,"minecells:monster_cell":6,"simplyswords:diamond_greataxe":1,"minecells:monsters_eye":1,"minecells:infected_flesh":4,"simplyswords:iron_cutlass":1,"minecraft:dark_oak_planks":1,"regions_unexplored:cattail":2,"minecraft:arrow":9,"minecraft:rotten_flesh":7,"minecells:explosive_bulb":2,"minecraft:emerald":2,"paladins:golden_mace":1,"minecraft:bread":2,"minecraft:glow_berries":1,"minecraft:white_wool":22},"minecraft:killed_by":{"minecraft:vindicator":1,"minecells:leaping_zombie":2,"graveyard:skeleton_creeper":1},"minecraft:crafted":{"minecraft:oak_planks":16,"minecraft:pumpkin_seeds":4,"minecraft:bread":4,"minecraft:chest":2,"minecraft:shears":1},"minecraft:mined":{"minecraft:dark_oak_planks":1,"minecraft:spruce_trapdoor":1,"minecraft:oak_fence":13,"regions_unexplored:red_maple_shrub":1,"minecraft:grass_block":2,"minecraft:chest":1,"minecraft:spruce_wall_sign":1,"minecells:hanged_corpse":1,"minecraft:tall_grass":1,"minecraft:spruce_leaves":4,"minecraft:composter":2,"minecraft:oak_wall_sign":2,"minecraft:pumpkin":2,"minecraft:stone_brick_stairs":2,"minecraft:grass":2,"minecraft:coal_ore":2,"minecraft:oak_stairs":2,"minecraft:gravel":1,"minecraft:dirt":2,"regions_unexplored:medium_grass":2,"minecraft:cracked_stone_bricks":3,"minecraft:stone_bricks":5,"minecraft:stone":6,"minecraft:mossy_stone_bricks":2,"minecraft:white_wool":15,"minecraft:oak_leaves":2},"minecraft:custom":{"lootr:looted_stat":51,"minecraft:mob_kills":22,"minecraft:interact_with_crafting_table":4,"minecraft:bell_ring":1,"minecraft:raid_trigger":1,"minecraft:leave_game":1,"minecraft:damage_dealt_resisted":0,"minecraft:eat_cake_slice":1,"minecraft:damage_resisted":0,"minecraft:time_since_death":875,"minecraft:sleep_in_bed":1,"minecraft:climb_one_cm":8188,"minecraft:hex":0,"minecraft:time_since_rest":901,"minecraft:sprint_one_cm":253416,"minecraft:damage_taken":2916,"minecraft:walk_one_cm":251490,"minecraft:damage_blocked_by_shield":102,"minecraft:drop":29,"minecraft:damage_dealt":4159,"minecraft:swim_one_cm":49546,"minecraft:fly_one_cm":318481,"minecraft:player_kills":1,"minecraft:open_chest":6,"minecraft:crouch_one_cm":2973,"minecraft:play_time":90005,"minecraft:deaths":4,"minecraft:sneak_time":652,"minecraft:walk_under_water_one_cm":8350,"minecraft:jump":1374,"minecraft:walk_on_water_one_cm":31363,"minecraft:total_world_time":90005,"minecraft:fall_one_cm":34853,"minecraft:horse_one_cm":3452}},"DataVersion":3465}