{"stats":{"minecraft:dropped":{"minecraft:bread":2,"regions_unexplored:cattail":2,"minecraft:stone_sword":1,"spellbladenext:frost_claymore":1,"spellbladenext:fire_orb":1,"minecraft:golden_leggings":1,"regions_unexplored:red_maple_shrub":1,"minecraft:pumpkin":3,"patchouli:guide_book":1},"minecraft:killed":{"minecraft:skeleton":1,"minecraft:pillager":6,"minecraft:zombie":4,"minecraft:player":1},"minecraft:used":{"simplyswords:iron_cutlass":5,"minecraft:stone_sword":58,"minecraft:lantern":6,"minecraft:bread":12,"minecraft:iron_pickaxe":9,"minecraft:chest":1,"minecraft:shield":5,"minecraft:rotten_flesh":2,"minecraft:dirt":4,"mcdw:crossbow_cog_crossbow":3,"minecraft:shears":15,"minecraft:golden_axe":12,"minecraft:experience_bottle":2},"minecraft:picked_up":{"spellbladenext:fire_orb":1,"minecraft:pumpkin":4,"patchouli:guide_book":1,"minecraft:oak_fence":7,"minecraft:golden_leggings":2,"simplyswords:iron_cutlass":1,"mcdw:crossbow_cog_crossbow":1,"minecraft:dirt":4,"minecraft:lantern":2,"minecraft:white_banner":1,"regions_unexplored:cattail":2,"minecraft:arrow":9,"minecraft:rotten_flesh":3,"minecraft:stone_bricks":1,"regions_unexplored:red_maple_shrub":1,"minecraft:iron_ingot":1,"minecraft:bread":2,"spellbladenext:frost_claymore":1,"paladins:golden_mace":1,"minecraft:emerald":2,"minecraft:chest":1,"minecraft:glow_berries":1,"minecraft:white_wool":22},"minecraft:crafted":{"minecraft:pumpkin_seeds":4,"minecraft:shears":1},"minecraft:mined":{"minecraft:oak_fence":12,"minecraft:pumpkin":2,"regions_unexplored:red_maple_shrub":1,"minecraft:grass_block":2,"minecraft:coal_ore":2,"minecraft:chest":1,"minecraft:dirt":2,"minecraft:stone":5,"minecraft:mossy_stone_bricks":1,"minecraft:stone_bricks":1,"minecraft:tall_grass":1,"regions_unexplored:medium_grass":1,"minecraft:white_wool":15},"minecraft:custom":{"minecraft:time_since_rest":41071,"lootr:looted_stat":19,"minecraft:sprint_one_cm":87538,"minecraft:damage_taken":739,"minecraft:walk_one_cm":92031,"minecraft:damage_blocked_by_shield":102,"minecraft:mob_kills":11,"minecraft:drop":13,"minecraft:damage_dealt":1681,"minecraft:player_kills":1,"minecraft:swim_one_cm":2004,"minecraft:interact_with_crafting_table":2,"minecraft:fly_one_cm":65087,"minecraft:open_chest":1,"minecraft:crouch_one_cm":2183,"minecraft:play_time":41071,"minecraft:sneak_time":374,"minecraft:walk_under_water_one_cm":1061,"minecraft:jump":396,"minecraft:damage_dealt_resisted":0,"minecraft:walk_on_water_one_cm":10543,"minecraft:time_since_death":41071,"minecraft:total_world_time":41071,"minecraft:climb_one_cm":5223,"minecraft:hex":0,"minecraft:fall_one_cm":8119,"minecraft:horse_one_cm":3452}},"DataVersion":3465}