{"stats":{"minecraft:dropped":{"minecraft:bread":2,"minecraft:stone_sword":1,"regions_unexplored:red_maple_shrub":1,"spellbladenext:fire_orb":1,"spellbladenext:frost_claymore":1,"patchouli:guide_book":1,"spellbladenext:monkeystaff":1,"regions_unexplored:cattail":2,"minecraft:golden_leggings":1,"minecraft:pumpkin":3,"simplyswords:gold_chakram":1},"minecraft:killed":{"mythicmobs:drake":1,"minecraft:skeleton":1,"minecraft:pillager":6,"minecraft:zombie":4,"minecraft:player":1},"minecraft:used":{"simplyswords:iron_cutlass":5,"minecraft:stone_sword":58,"spellbladenext:monkeystaff":24,"minecraft:chest":1,"minecraft:shield":5,"minecraft:rotten_flesh":2,"minecraft:dirt":4,"minecraft:shears":15,"mcdw:crossbow_cog_crossbow":3,"paladins:golden_mace":2,"minecraft:lantern":6,"minecraft:bread":20,"minecraft:iron_pickaxe":21,"twigs:twig":2,"minecraft:white_banner":1,"simplyswords:gold_chakram":13,"minecraft:golden_axe":12,"minecraft:experience_bottle":2},"minecraft:picked_up":{"minecraft:golden_leggings":2,"spellbladenext:monkeystaff":1,"simplyswords:gold_chakram":1,"mcdw:crossbow_cog_crossbow":1,"minecraft:dirt":4,"minecraft:lantern":2,"minecraft:white_banner":1,"minecraft:stone_bricks":2,"regions_unexplored:red_maple_shrub":1,"minecraft:iron_ingot":1,"twigs:twig":2,"minecraft:chest":1,"spellbladenext:frost_claymore":1,"minecraft:pumpkin":4,"spellbladenext:fire_orb":1,"patchouli:guide_book":1,"minecraft:oak_fence":7,"simplyswords:diamond_greataxe":1,"simplyswords:iron_cutlass":1,"regions_unexplored:cattail":2,"minecraft:arrow":9,"minecraft:rotten_flesh":3,"minecraft:emerald":2,"paladins:golden_mace":1,"minecraft:bread":2,"minecraft:glow_berries":1,"minecraft:white_wool":22},"minecraft:killed_by":{"minecraft:vindicator":1},"minecraft:crafted":{"minecraft:pumpkin_seeds":4,"minecraft:bread":4,"minecraft:shears":1},"minecraft:mined":{"minecraft:oak_fence":12,"regions_unexplored:red_maple_shrub":1,"minecraft:grass_block":2,"minecraft:chest":1,"minecraft:tall_grass":1,"minecraft:pumpkin":2,"minecraft:stone_brick_stairs":2,"minecraft:coal_ore":2,"minecraft:gravel":1,"minecraft:dirt":2,"regions_unexplored:medium_grass":1,"minecraft:cracked_stone_bricks":3,"minecraft:stone_bricks":5,"minecraft:stone":6,"minecraft:mossy_stone_bricks":2,"minecraft:white_wool":15},"minecraft:custom":{"lootr:looted_stat":26,"minecraft:mob_kills":12,"minecraft:interact_with_crafting_table":3,"minecraft:raid_trigger":1,"minecraft:damage_dealt_resisted":0,"minecraft:time_since_death":12885,"minecraft:sleep_in_bed":1,"minecraft:climb_one_cm":7318,"minecraft:hex":0,"minecraft:time_since_rest":687,"minecraft:sprint_one_cm":159694,"minecraft:damage_taken":1490,"minecraft:walk_one_cm":155210,"minecraft:damage_blocked_by_shield":102,"minecraft:drop":15,"minecraft:damage_dealt":2371,"minecraft:swim_one_cm":33162,"minecraft:fly_one_cm":207836,"minecraft:player_kills":1,"minecraft:open_chest":1,"minecraft:crouch_one_cm":2812,"minecraft:play_time":65071,"minecraft:deaths":1,"minecraft:sneak_time":616,"minecraft:walk_under_water_one_cm":5710,"minecraft:jump":968,"minecraft:walk_on_water_one_cm":20096,"minecraft:total_world_time":65071,"minecraft:fall_one_cm":22956,"minecraft:horse_one_cm":3452}},"DataVersion":3465}