{"stats":{"minecraft:dropped":{"regions_unexplored:cattail":2,"spellbladenext:fire_orb":1,"minecraft:golden_leggings":1,"regions_unexplored:red_maple_shrub":1,"minecraft:pumpkin":2,"patchouli:guide_book":1},"minecraft:killed":{"minecraft:pillager":5,"minecraft:zombie":4},"minecraft:used":{"minecraft:stone_sword":58,"minecraft:bread":10,"minecraft:chest":1,"minecraft:shield":5,"minecraft:dirt":4,"minecraft:shears":15,"minecraft:experience_bottle":2},"minecraft:picked_up":{"spellbladenext:fire_orb":1,"minecraft:pumpkin":4,"patchouli:guide_book":1,"minecraft:golden_leggings":2,"minecraft:dirt":4,"minecraft:lantern":2,"minecraft:white_banner":1,"regions_unexplored:cattail":2,"minecraft:arrow":2,"minecraft:rotten_flesh":3,"regions_unexplored:red_maple_shrub":1,"minecraft:iron_ingot":1,"paladins:golden_mace":1,"minecraft:emerald":2,"minecraft:chest":1,"minecraft:glow_berries":1,"minecraft:white_wool":22},"minecraft:crafted":{"minecraft:pumpkin_seeds":4,"minecraft:shears":1},"minecraft:mined":{"minecraft:pumpkin":2,"regions_unexplored:red_maple_shrub":1,"minecraft:grass_block":2,"minecraft:chest":1,"minecraft:dirt":2,"minecraft:tall_grass":1,"regions_unexplored:medium_grass":1,"minecraft:white_wool":15},"minecraft:custom":{"minecraft:time_since_rest":29071,"lootr:looted_stat":6,"minecraft:sprint_one_cm":41551,"minecraft:damage_taken":544,"minecraft:walk_one_cm":58767,"minecraft:damage_blocked_by_shield":102,"minecraft:mob_kills":9,"minecraft:drop":8,"minecraft:damage_dealt":1610,"minecraft:swim_one_cm":2004,"minecraft:interact_with_crafting_table":2,"minecraft:fly_one_cm":43990,"minecraft:open_chest":1,"minecraft:crouch_one_cm":1389,"minecraft:play_time":29071,"minecraft:sneak_time":244,"minecraft:walk_under_water_one_cm":1061,"minecraft:jump":299,"minecraft:damage_dealt_resisted":0,"minecraft:walk_on_water_one_cm":7682,"minecraft:time_since_death":29071,"minecraft:total_world_time":29071,"minecraft:climb_one_cm":4467,"minecraft:hex":0,"minecraft:fall_one_cm":4806,"minecraft:horse_one_cm":3452}},"DataVersion":3465}