{"stats":{"minecraft:killed":{"minecraft:zombified_piglin":9,"betternether:skull":1,"minecraft:spider":5,"betternether:firefly":1,"minecraft:skeleton":5,"fishofthieves:wildsplash":1,"minecells:leaping_zombie":1,"minecells:grenadier":1,"minecraft:magma_cube":1,"minecraft:piglin":1,"minecraft:pig":1,"minecraft:salmon":7,"minecraft:creeper":1,"minecraft:sheep":1,"minecraft:pillager":6,"minecraft:zombie":17,"minecraft:stray":1,"minecraft:blaze":1,"minecraft:cow":23,"minecraft:vindicator":1,"graveyard:ghoul":1,"creeperoverhaul:spruce_creeper":1,"mythicmobs:drake":3,"minecraft:squid":1,"minecraft:wither_skeleton":1},"minecraft:mined":{"minecraft:dark_oak_planks":2,"minecraft:spruce_planks":3,"minecraft:farmland":1,"betternether:bone_block":1,"regions_unexplored:maple_log":2,"minecraft:cobblestone_stairs":1,"minecraft:red_nether_bricks":3,"regions_unexplored:cattail":1,"minecraft:grass_block":9,"minecraft:gilded_blackstone":2,"minecraft:spawner":3,"minecraft:fire":2,"regions_unexplored:mossy_stone":1,"minecraft:pumpkin":1,"minecraft:nether_brick_stairs":3,"minecraft:oak_stairs":7,"minecraft:green_carpet":1,"archon:magical_bookshelf":11,"minecraft:red_bed":2,"minecraft:smoker":1,"regions_unexplored:peat_grass_block":4,"minecraft:chest":1,"minecraft:cobblestone":1,"minecraft:sugar_cane":4,"techreborn:deepslate_ruby_ore":3,"minecraft:grass":8,"regions_unexplored:peat_dirt":2,"minecraft:sand":37,"minecraft:dirt":13,"minecraft:diamond_ore":1,"minecraft:mossy_cobblestone":5,"minecraft:nether_bricks":16,"regions_unexplored:maple_leaves":2,"minecraft:spruce_leaves":2,"frostiful:hot_sun_lichen":1,"minecraft:oak_trapdoor":18,"treechop:chopped_log":3,"minecraft:bookshelf":44,"minecraft:potatoes":20,"regions_unexplored:medium_grass":7,"betternether:nether_lapis_ore":1,"minecraft:stone":29,"ad_astra:sky_stone":3,"minecraft:bone_block":6,"minecraft:white_wool":5,"minecraft:oak_fence":4,"minecraft:crafting_table":5,"minecraft:tall_grass":3,"minecraft:stripped_spruce_wood":6,"techreborn:ruby_ore":3,"minecraft:spruce_log":4,"minecraft:coal_ore":14,"minecraft:gravel":4,"minecraft:cobweb":2,"minecraft:fern":3},"minecraft:dropped":{"minecraft:nether_brick_stairs":2,"minecraft:iron_sword":3,"paladins:holy_wand":1,"minecraft:crafting_table":1,"minecraft:glow_berries":5,"fishofthieves:pondie":2,"minecraft:lantern":2,"minecraft:leather":5,"minecraft:dirt":11,"paladins:golden_mace":1,"archon:gust_tome":1,"minecells:broadsword":1,"archon:propel_tome":1,"simplyswords:diamond_rapier":1,"minecraft:chain":1,"simplyswords:gold_chakram":1,"minecraft:iron_pickaxe":1,"minecraft:dark_oak_planks":2,"croptopia:calamari":1,"minecraft:white_wool":17,"fishofthieves:grubs":3,"bewitchment:belladonna_seeds":1,"twigs:twig":5,"minecraft:gravel":4,"betternether:jungle_moss":1,"minecraft:rotten_flesh":25,"minecraft:glowstone_dust":1,"minecraft:salmon":3,"techreborn:ruby_boots":1,"spellbladenext:glacial_gladius":1,"supplementaries:ash":3,"minecraft:chest":1,"spellbladenext:fire_claymore":1,"minecraft:red_nether_bricks":3,"minecraft:arrow":6,"minecraft:beef":15,"adventurez:raw_venison":1,"minecraft:netherrack":6,"minecraft:iron_ingot":1,"minecraft:wheat_seeds":10,"betternether:feather_fern":3,"minecraft:mossy_cobblestone":1,"minecells:promenade_dimensional_rune":1,"minecraft:poisonous_potato":1,"spellbladenext:fire_orb":1,"spellbladenext:frost_claymore":2,"minecraft:oak_fence":5,"minecraft:feather":1,"minecraft:iron_helmet":1,"minecraft:book":2,"minecraft:coal":1,"betternether:bone_block":1,"ad_astra:sky_stone":1,"minecraft:ink_sac":1,"minecraft:torch":1,"minecraft:oak_stairs":1,"minecraft:pumpkin":1,"minecraft:chainmail_leggings":1,"minecraft:string":2,"minecraft:spruce_sapling":2,"simplyswords:iron_cutlass":3,"simplyswords:diamond_greataxe":1,"techreborn:red_garnet_gem":3,"minecraft:stone_sword":3,"minecraft:smooth_stone_slab":6,"simplyswords:ribboncleaver":2,"simplyswords:dormant_relic":1,"fishofthieves:fish_bone":1,"minecraft:nether_bricks":17,"spellbladenext:monkeystaff":1,"betternether:lapis_pile":6,"minecraft:potato":3,"mcdw:crossbow_cog_crossbow":1,"minecraft:shield":2,"bewitchment:mandrake_seeds":3,"fishofthieves:earthworms":2,"minecraft:spruce_trapdoor":1,"minecraft:iron_chestplate":4,"minecraft:golden_leggings":2,"minecraft:andesite_stairs":3,"minecraft:golden_sword":3,"croptopia:roe":2,"minecraft:spider_eye":1,"minecells:health_flask":1,"minecraft:spruce_log":6,"minecraft:wooden_pickaxe":1,"artifacts:snowshoes":1},"minecraft:picked_up":{"archon:magical_bookshelf":11,"minecraft:oak_stairs":9,"croptopia:calamari":1,"betternether:bone_block":1,"minecraft:golden_sword":3,"minecraft:string":6,"minecraft:red_nether_bricks":3,"minecraft:smooth_stone_slab":6,"minecraft:oak_sign":10,"minecraft:gold_nugget":6,"minecraft:spruce_planks":3,"minecraft:diamond_ore":1,"minecells:guts":1,"minecraft:stick":4,"minecraft:oak_fence":10,"minecraft:torch":1,"simplyswords:dormant_relic":1,"betternether:lapis_pile":6,"minecells:promenade_dimensional_rune":1,"minecraft:stone_sword":2,"minecraft:rotten_flesh":34,"supplementaries:ash":3,"betternether:feather_fern":3,"minecraft:cobblestone":30,"minecraft:feather":1,"betternether:jungle_moss":1,"minecraft:golden_leggings":1,"spellbladenext:monkeystaff":1,"minecraft:smoker":1,"minecraft:potato":73,"spellbladenext:glacial_gladius":1,"minecraft:stripped_spruce_wood":6,"minecraft:dirt":23,"minecraft:lantern":2,"minecraft:bone":6,"minecraft:wheat_seeds":10,"simplyswords:ribboncleaver":2,"adventurez:raw_venison":1,"fishofthieves:earthworms":2,"minecraft:mossy_stone_bricks":1,"minecraft:glowstone_dust":1,"twigs:twig":5,"croptopia:roe":2,"spellbladenext:frost_claymore":2,"spellbladenext:fire_orb":1,"fishofthieves:pondie":2,"minecraft:poisonous_potato":1,"minecraft:sand":37,"minecraft:nether_brick_stairs":2,"minecraft:ink_sac":1,"techreborn:red_garnet_gem":4,"minecraft:mossy_cobblestone":1,"beachparty:rubber_ring_pelican":1,"minecraft:diamond":1,"minecraft:bread":4,"minecraft:emerald":2,"minecraft:netherrack":6,"minecraft:crafting_table":6,"ad_astra:sky_stone":1,"minecraft:shield":1,"minecraft:oak_trapdoor":18,"minecraft:red_bed":2,"minecraft:beef":47,"minecraft:andesite_stairs":3,"spellbladenext:fire_claymore":1,"minecraft:sugar_cane":9,"minecraft:chest":2,"minecraft:spruce_trapdoor":1,"minecraft:egg":1,"minecells:monsters_eye":1,"techreborn:ruby_gem":13,"simplyswords:iron_cutlass":2,"minecraft:dark_oak_planks":2,"bewitchment:garlic":1,"minecraft:arrow":21,"regions_unexplored:maple_sapling":4,"minecraft:nether_bricks":17,"minecraft:gold_ingot":2,"minecraft:mutton":1,"minecraft:glow_berries":5,"minecells:broadsword":1,"minecraft:white_wool":18,"minecraft:bone_block":5,"regions_unexplored:peat_dirt":6,"simplyswords:diamond_rapier":1,"minecraft:salmon":3,"minecraft:leather":23,"simplyswords:gold_chakram":1,"fishofthieves:grubs":3,"minecraft:gunpowder":1,"minecraft:cobblestone_stairs":1,"minecraft:white_banner":1,"minecells:health_flask":1,"minecraft:apple":1,"bewitchment:mandrake_seeds":4,"minecraft:iron_ingot":10,"minecraft:iron_sword":2,"minecraft:book":141,"minecraft:pumpkin":1,"minecells:monster_cell":2,"minecells:infected_flesh":4,"minecraft:gravel":4,"bewitchment:belladonna_seeds":1,"minecraft:spruce_sapling":2,"minecraft:spruce_log":46,"minecraft:green_carpet":5,"minecraft:spider_eye":2,"fishofthieves:fish_bone":1,"paladins:holy_wand":1,"regions_unexplored:maple_log":10,"minecraft:coal":14},"minecraft:custom":{"lootr:looted_stat":99,"minecraft:interact_with_crafting_table":38,"minecraft:open_barrel":54,"minecraft:eat_cake_slice":1,"minecraft:leave_game":4,"minecraft:time_since_death":4265,"minecraft:damage_resisted":0,"minecraft:sprint_one_cm":801291,"minecraft:damage_blocked_by_shield":665,"minecraft:drop":149,"minecraft:talked_to_villager":1,"minecraft:play_time":244869,"minecraft:deaths":6,"minecraft:jump":3960,"minecraft:walk_on_water_one_cm":61525,"minecraft:interact_with_furnace":11,"minecraft:sleep_in_bed":2,"minecraft:damage_dealt":16401,"minecraft:crouch_one_cm":31482,"minecraft:interact_with_smoker":11,"minecraft:horse_one_cm":1241,"minecraft:mob_kills":95,"minecraft:damage_dealt_resisted":0,"minecraft:climb_one_cm":13210,"minecraft:walk_one_cm":466187,"minecraft:sneak_time":9759,"minecraft:walk_under_water_one_cm":27489,"minecraft:total_world_time":244869,"minecraft:hex":0,"minecraft:time_since_rest":4336,"minecraft:damage_taken":7199,"minecraft:swim_one_cm":204985,"minecraft:fly_one_cm":902051,"minecraft:open_chest":48,"minecraft:threat":27,"minecraft:fall_one_cm":122009},"minecraft:killed_by":{"mythicmounts:firebird":2,"minecraft:player":1,"mutantmonsters:mutant_skeleton":1,"minecraft:skeleton":1},"minecraft:used":{"spellbladenext:frost_claymore":121,"minecraft:chest":1,"minecraft:shield":14,"paladins:priest_robe_head":1,"minecraft:iron_chestplate":1,"minecraft:mutton":1,"spellbladenext:glacial_gladius":1,"minecraft:milk_bucket":2,"minecraft:lantern":8,"regions_unexplored:maple_sapling":4,"minecraft:iron_helmet":1,"minecraft:furnace":1,"minecraft:egg":1,"minecraft:potato":45,"simplyswords:dormant_relic":4,"spellbladenext:arcane_claymore":436,"minecraft:mossy_stone_bricks":1,"minecraft:stone_pickaxe":22,"minecraft:wooden_pickaxe":3,"simplyswords:diamond_greataxe":22,"minecraft:bread":32,"minecraft:diamond_ore":1,"minecraft:bone_meal":42,"minecraft:experience_bottle":1,"minecraft:stone_sword":94,"minecraft:flint_and_steel":3,"minecraft:spruce_planks":62,"spellbladenext:crystal_cutlass":188,"minecraft:dirt":12,"minecraft:iron_axe":106,"techreborn:ruby_boots":1,"minecraft:barrel":2,"minecraft:golden_carrot":5,"minecraft:cooked_beef":29,"minecraft:water_bucket":5,"minecraft:cobblestone_stairs":1,"minecraft:baked_potato":8,"regions_unexplored:peat_dirt":6,"minecraft:crafting_table":7,"minecraft:red_bed":1,"mcdw:crossbow_cog_crossbow":1,"minecraft:smoker":1,"minecraft:wooden_hoe":25,"minecraft:apple":19,"techreborn:ruby_pickaxe":50,"minecraft:iron_pickaxe":22,"minecraft:cobblestone":11,"travelersbackpack:standard":2,"minecraft:bucket":6,"minecraft:pumpkin_pie":1,"regions_unexplored:maple_log":1,"beachparty:rubber_ring_pelican":1},"minecraft:crafted":{"regions_unexplored:maple_planks":36,"techreborn:ruby_boots":1,"minecraft:glass":15,"minecraft:chest":2,"minecraft:crafting_table":2,"minecraft:spruce_planks":74,"minecraft:wooden_pickaxe":1,"minecraft:baked_potato":64,"travelersbackpack:standard":1,"minecraft:wooden_hoe":1,"minecraft:iron_chestplate":2,"minecraft:shield":1,"minecraft:stick":8,"comforts:sleeping_bag_white":1,"techreborn:ruby_helmet":1,"minecraft:furnace":1,"minecraft:bone_meal":42,"minecraft:stone_pickaxe":1,"minecraft:cooked_beef":34,"travelersbackpack:backpack_tank":2,"minecraft:bucket":1,"minecraft:stone_axe":1,"techreborn:ruby_pickaxe":1,"minecraft:air":0,"minecraft:iron_leggings":1}},"DataVersion":3465}