{"stats":{"minecraft:killed":{"minecraft:spider":4,"minecraft:vindicator":1,"fishofthieves:wildsplash":1,"minecraft:skeleton":4,"minecells:leaping_zombie":1,"minecells:grenadier":1,"minecraft:magma_cube":1,"minecraft:pig":1,"graveyard:ghoul":1,"minecraft:salmon":7,"creeperoverhaul:spruce_creeper":1,"mythicmobs:drake":3,"minecraft:squid":1,"minecraft:creeper":1,"minecraft:sheep":1,"minecraft:pillager":6,"minecraft:zombie":9,"minecraft:stray":1,"minecraft:cow":23},"minecraft:mined":{"minecraft:dark_oak_planks":2,"minecraft:diamond_ore":1,"minecraft:spruce_planks":3,"minecraft:farmland":1,"minecraft:mossy_cobblestone":5,"regions_unexplored:maple_log":2,"minecraft:cobblestone_stairs":1,"regions_unexplored:cattail":1,"minecraft:grass_block":9,"regions_unexplored:maple_leaves":2,"minecraft:spruce_leaves":2,"frostiful:hot_sun_lichen":1,"minecraft:gilded_blackstone":2,"minecraft:spawner":2,"minecraft:oak_trapdoor":18,"minecraft:fire":1,"regions_unexplored:mossy_stone":1,"minecraft:pumpkin":1,"treechop:chopped_log":3,"minecraft:bookshelf":44,"minecraft:potatoes":20,"minecraft:oak_stairs":7,"minecraft:green_carpet":1,"regions_unexplored:medium_grass":7,"minecraft:stone":29,"ad_astra:sky_stone":3,"minecraft:white_wool":5,"archon:magical_bookshelf":11,"minecraft:red_bed":2,"minecraft:smoker":1,"minecraft:oak_fence":4,"minecraft:crafting_table":5,"regions_unexplored:peat_grass_block":4,"minecraft:chest":1,"minecraft:tall_grass":3,"minecraft:cobblestone":1,"minecraft:sugar_cane":4,"minecraft:stripped_spruce_wood":6,"techreborn:ruby_ore":3,"minecraft:spruce_log":4,"techreborn:deepslate_ruby_ore":3,"minecraft:grass":8,"minecraft:coal_ore":14,"regions_unexplored:peat_dirt":2,"minecraft:sand":37,"minecraft:gravel":4,"minecraft:dirt":13,"minecraft:cobweb":2,"minecraft:fern":3},"minecraft:dropped":{"minecraft:iron_ingot":1,"minecraft:iron_sword":1,"minecraft:wheat_seeds":10,"paladins:holy_wand":1,"minecraft:mossy_cobblestone":1,"minecells:promenade_dimensional_rune":1,"minecraft:poisonous_potato":1,"spellbladenext:frost_claymore":2,"spellbladenext:fire_orb":1,"minecraft:oak_fence":5,"minecraft:glow_berries":5,"minecraft:book":2,"fishofthieves:pondie":2,"minecraft:lantern":2,"minecraft:leather":5,"minecraft:coal":1,"paladins:golden_mace":1,"ad_astra:sky_stone":1,"minecells:broadsword":1,"archon:gust_tome":1,"minecraft:dirt":11,"archon:propel_tome":1,"simplyswords:diamond_rapier":1,"minecraft:ink_sac":1,"minecraft:torch":1,"minecraft:oak_stairs":1,"minecraft:chain":1,"minecraft:pumpkin":1,"simplyswords:gold_chakram":1,"minecraft:iron_pickaxe":1,"minecraft:chainmail_leggings":1,"minecraft:dark_oak_planks":2,"croptopia:calamari":1,"bewitchment:belladonna_seeds":1,"fishofthieves:grubs":3,"minecraft:white_wool":17,"minecraft:spruce_sapling":2,"twigs:twig":5,"simplyswords:iron_cutlass":3,"minecraft:gravel":4,"techreborn:red_garnet_gem":3,"simplyswords:diamond_greataxe":1,"minecraft:stone_sword":3,"minecraft:smooth_stone_slab":6,"simplyswords:ribboncleaver":2,"simplyswords:dormant_relic":1,"minecraft:rotten_flesh":12,"fishofthieves:fish_bone":1,"techreborn:ruby_boots":1,"spellbladenext:glacial_gladius":1,"minecraft:salmon":3,"spellbladenext:monkeystaff":1,"minecraft:potato":3,"bewitchment:mandrake_seeds":3,"mcdw:crossbow_cog_crossbow":1,"minecraft:shield":2,"fishofthieves:earthworms":2,"minecraft:spruce_trapdoor":1,"minecraft:iron_chestplate":3,"minecraft:andesite_stairs":3,"minecraft:golden_leggings":2,"minecraft:chest":1,"croptopia:roe":2,"spellbladenext:fire_claymore":1,"minecraft:spruce_log":6,"minecraft:beef":8,"minecraft:arrow":6,"minecraft:wooden_pickaxe":1,"adventurez:raw_venison":1,"artifacts:snowshoes":1},"minecraft:picked_up":{"archon:magical_bookshelf":11,"minecraft:crafting_table":5,"minecraft:oak_stairs":9,"croptopia:calamari":1,"ad_astra:sky_stone":1,"minecraft:shield":1,"minecraft:string":4,"minecraft:oak_trapdoor":18,"minecraft:red_bed":2,"minecraft:smooth_stone_slab":6,"minecraft:oak_sign":10,"minecraft:spruce_planks":3,"minecraft:beef":47,"minecraft:andesite_stairs":3,"spellbladenext:fire_claymore":1,"minecraft:sugar_cane":9,"minecraft:chest":2,"minecraft:spruce_trapdoor":1,"minecraft:egg":1,"minecraft:diamond_ore":1,"minecells:guts":1,"minecraft:stick":4,"minecraft:oak_fence":10,"minecraft:torch":1,"minecells:monsters_eye":1,"techreborn:ruby_gem":13,"simplyswords:dormant_relic":1,"simplyswords:iron_cutlass":2,"minecraft:dark_oak_planks":2,"minecells:promenade_dimensional_rune":1,"minecraft:stone_sword":2,"minecraft:arrow":21,"bewitchment:garlic":1,"minecraft:rotten_flesh":21,"regions_unexplored:maple_sapling":4,"minecraft:glow_berries":5,"minecraft:mutton":1,"minecells:broadsword":1,"minecraft:white_wool":18,"minecraft:cobblestone":30,"regions_unexplored:peat_dirt":6,"simplyswords:diamond_rapier":1,"minecraft:salmon":3,"minecraft:leather":23,"minecraft:golden_leggings":1,"minecraft:smoker":1,"spellbladenext:monkeystaff":1,"minecraft:potato":73,"spellbladenext:glacial_gladius":1,"simplyswords:gold_chakram":1,"fishofthieves:grubs":3,"minecraft:stripped_spruce_wood":6,"minecraft:gunpowder":1,"minecraft:cobblestone_stairs":1,"minecraft:dirt":23,"minecraft:lantern":2,"minecraft:white_banner":1,"minecraft:bone":5,"minecraft:apple":1,"minecraft:wheat_seeds":10,"adventurez:raw_venison":1,"simplyswords:ribboncleaver":2,"bewitchment:mandrake_seeds":4,"minecraft:iron_ingot":10,"fishofthieves:earthworms":2,"minecraft:mossy_stone_bricks":1,"croptopia:roe":2,"twigs:twig":5,"spellbladenext:frost_claymore":2,"minecraft:book":141,"spellbladenext:fire_orb":1,"minecraft:pumpkin":1,"minecells:monster_cell":2,"fishofthieves:pondie":2,"minecraft:poisonous_potato":1,"minecells:infected_flesh":4,"minecraft:gravel":4,"bewitchment:belladonna_seeds":1,"minecraft:sand":37,"minecraft:spruce_sapling":2,"minecraft:ink_sac":1,"minecraft:spruce_log":46,"minecraft:green_carpet":5,"techreborn:red_garnet_gem":4,"minecraft:spider_eye":1,"minecraft:mossy_cobblestone":1,"fishofthieves:fish_bone":1,"beachparty:rubber_ring_pelican":1,"minecraft:diamond":1,"paladins:holy_wand":1,"regions_unexplored:maple_log":10,"minecraft:emerald":2,"minecraft:bread":4,"minecraft:coal":14},"minecraft:custom":{"lootr:looted_stat":99,"minecraft:mob_kills":70,"minecraft:interact_with_crafting_table":36,"minecraft:open_barrel":54,"minecraft:damage_dealt_resisted":0,"minecraft:eat_cake_slice":1,"minecraft:leave_game":4,"minecraft:time_since_death":32745,"minecraft:climb_one_cm":13170,"minecraft:damage_resisted":0,"minecraft:sprint_one_cm":703895,"minecraft:walk_one_cm":399279,"minecraft:damage_blocked_by_shield":665,"minecraft:drop":119,"minecraft:talked_to_villager":1,"minecraft:play_time":220869,"minecraft:deaths":5,"minecraft:sneak_time":5889,"minecraft:walk_under_water_one_cm":27489,"minecraft:jump":3485,"minecraft:walk_on_water_one_cm":61525,"minecraft:total_world_time":220869,"minecraft:interact_with_furnace":11,"minecraft:sleep_in_bed":2,"minecraft:hex":0,"minecraft:time_since_rest":15958,"minecraft:damage_taken":5395,"minecraft:damage_dealt":11433,"minecraft:swim_one_cm":204985,"minecraft:fly_one_cm":799746,"minecraft:open_chest":48,"minecraft:crouch_one_cm":16738,"minecraft:threat":19,"minecraft:interact_with_smoker":11,"minecraft:fall_one_cm":102056,"minecraft:horse_one_cm":1241},"minecraft:killed_by":{"minecraft:player":1,"mythicmounts:firebird":2,"mutantmonsters:mutant_skeleton":1,"minecraft:skeleton":1},"minecraft:used":{"spellbladenext:frost_claymore":121,"minecraft:stone_sword":94,"minecraft:flint_and_steel":1,"minecraft:spruce_planks":18,"minecraft:chest":1,"minecraft:shield":14,"spellbladenext:crystal_cutlass":145,"paladins:priest_robe_head":1,"minecraft:iron_chestplate":1,"minecraft:dirt":12,"minecraft:mutton":1,"spellbladenext:glacial_gladius":1,"minecraft:milk_bucket":2,"minecraft:lantern":8,"minecraft:iron_axe":106,"techreborn:ruby_boots":1,"regions_unexplored:maple_sapling":4,"minecraft:iron_helmet":1,"minecraft:barrel":2,"minecraft:golden_carrot":5,"minecraft:furnace":1,"minecraft:egg":1,"minecraft:cooked_beef":14,"minecraft:potato":45,"simplyswords:dormant_relic":4,"spellbladenext:arcane_claymore":124,"minecraft:water_bucket":5,"minecraft:mossy_stone_bricks":1,"minecraft:cobblestone_stairs":1,"minecraft:baked_potato":8,"regions_unexplored:peat_dirt":6,"minecraft:stone_pickaxe":22,"minecraft:wooden_pickaxe":3,"simplyswords:diamond_greataxe":22,"minecraft:crafting_table":7,"minecraft:red_bed":1,"mcdw:crossbow_cog_crossbow":1,"minecraft:smoker":1,"minecraft:wooden_hoe":25,"minecraft:apple":19,"techreborn:ruby_pickaxe":19,"minecraft:bread":32,"minecraft:iron_pickaxe":22,"minecraft:diamond_ore":1,"minecraft:cobblestone":11,"travelersbackpack:standard":2,"minecraft:bucket":6,"minecraft:pumpkin_pie":1,"regions_unexplored:maple_log":1,"beachparty:rubber_ring_pelican":1,"minecraft:bone_meal":42,"minecraft:experience_bottle":1},"minecraft:crafted":{"comforts:sleeping_bag_white":1,"regions_unexplored:maple_planks":36,"minecraft:furnace":1,"techreborn:ruby_boots":1,"minecraft:bone_meal":42,"minecraft:glass":15,"minecraft:stone_pickaxe":1,"minecraft:chest":2,"minecraft:cooked_beef":34,"minecraft:crafting_table":2,"minecraft:spruce_planks":74,"travelersbackpack:backpack_tank":2,"minecraft:baked_potato":64,"minecraft:wooden_pickaxe":1,"travelersbackpack:standard":1,"minecraft:bucket":1,"minecraft:stone_axe":1,"techreborn:ruby_pickaxe":1,"minecraft:air":0,"minecraft:iron_chestplate":2,"minecraft:wooden_hoe":1,"minecraft:shield":1,"minecraft:stick":8,"minecraft:iron_leggings":1}},"DataVersion":3465}