{"stats":{"minecraft:dropped":{"minecraft:iron_ingot":1,"minecraft:iron_sword":1,"minecraft:wheat_seeds":4,"paladins:holy_wand":1,"minecraft:mossy_cobblestone":1,"spellbladenext:fire_orb":1,"spellbladenext:frost_claymore":1,"minecraft:oak_fence":5,"minecraft:book":2,"minecraft:glow_berries":5,"fishofthieves:pondie":1,"minecraft:lantern":1,"minecraft:leather":1,"ad_astra:sky_stone":1,"paladins:golden_mace":1,"archon:gust_tome":1,"minecraft:dirt":11,"archon:propel_tome":1,"minecraft:pumpkin":1,"simplyswords:gold_chakram":1,"minecraft:iron_pickaxe":1,"minecraft:dark_oak_planks":2,"minecraft:white_wool":17,"twigs:twig":5,"minecraft:spruce_sapling":2,"simplyswords:iron_cutlass":3,"simplyswords:diamond_greataxe":1,"techreborn:red_garnet_gem":3,"minecraft:stone_sword":3,"minecraft:smooth_stone_slab":6,"minecraft:rotten_flesh":12,"spellbladenext:monkeystaff":1,"minecraft:potato":1,"mcdw:crossbow_cog_crossbow":1,"minecraft:shield":2,"fishofthieves:earthworms":2,"minecraft:spruce_trapdoor":1,"minecraft:iron_chestplate":1,"minecraft:golden_leggings":2,"minecraft:chest":1,"minecraft:spruce_log":6,"minecraft:arrow":6,"minecraft:wooden_pickaxe":1},"minecraft:killed":{"minecraft:spider":2,"minecraft:vindicator":1,"minecraft:skeleton":1,"minecells:leaping_zombie":1,"minecells:grenadier":1,"graveyard:ghoul":1,"minecraft:creeper":1,"minecraft:sheep":1,"minecraft:pillager":5,"minecraft:zombie":6,"minecraft:cow":14},"minecraft:used":{"minecraft:stone_sword":94,"minecraft:chest":1,"minecraft:shield":14,"spellbladenext:crystal_cutlass":92,"minecraft:dirt":8,"minecraft:mutton":1,"minecraft:milk_bucket":1,"minecraft:lantern":8,"minecraft:iron_axe":69,"techreborn:ruby_boots":1,"regions_unexplored:maple_sapling":4,"minecraft:barrel":2,"minecraft:golden_carrot":5,"minecraft:potato":1,"simplyswords:dormant_relic":4,"minecraft:mossy_stone_bricks":1,"minecraft:cobblestone_stairs":1,"minecraft:stone_pickaxe":22,"minecraft:wooden_pickaxe":3,"simplyswords:diamond_greataxe":22,"minecraft:crafting_table":7,"mcdw:crossbow_cog_crossbow":1,"minecraft:apple":19,"techreborn:ruby_pickaxe":8,"minecraft:bread":22,"minecraft:iron_pickaxe":22,"minecraft:diamond_ore":1,"minecraft:cobblestone":7,"minecraft:pumpkin_pie":1,"regions_unexplored:maple_log":1,"minecraft:experience_bottle":1},"minecraft:picked_up":{"minecraft:crafting_table":5,"minecraft:oak_stairs":8,"ad_astra:sky_stone":1,"minecraft:shield":1,"minecraft:red_bed":1,"minecraft:string":4,"minecraft:oak_trapdoor":18,"minecraft:smooth_stone_slab":6,"minecraft:oak_sign":10,"minecraft:beef":26,"minecraft:sugar_cane":2,"minecraft:chest":2,"minecraft:spruce_trapdoor":1,"minecraft:diamond_ore":1,"minecells:guts":1,"minecraft:stick":4,"minecraft:oak_fence":10,"minecells:monsters_eye":1,"techreborn:ruby_gem":7,"simplyswords:iron_cutlass":2,"minecraft:dark_oak_planks":2,"minecraft:arrow":19,"minecraft:stone_sword":2,"minecraft:rotten_flesh":19,"regions_unexplored:maple_sapling":4,"minecraft:mutton":1,"minecraft:glow_berries":5,"minecraft:white_wool":18,"minecraft:cobblestone":29,"minecraft:leather":11,"minecraft:golden_leggings":1,"minecraft:smoker":1,"spellbladenext:monkeystaff":1,"minecraft:potato":1,"simplyswords:gold_chakram":1,"minecraft:stripped_spruce_wood":6,"minecraft:gunpowder":1,"minecraft:cobblestone_stairs":1,"minecraft:dirt":19,"minecraft:lantern":1,"minecraft:white_banner":1,"minecraft:apple":1,"minecraft:wheat_seeds":4,"fishofthieves:earthworms":2,"minecraft:mossy_stone_bricks":1,"twigs:twig":5,"spellbladenext:frost_claymore":1,"minecraft:book":66,"minecraft:pumpkin":1,"spellbladenext:fire_orb":1,"minecells:monster_cell":2,"minecells:infected_flesh":4,"fishofthieves:pondie":1,"minecraft:sand":14,"minecraft:spruce_sapling":2,"minecraft:spruce_log":46,"minecraft:spider_eye":1,"minecraft:green_carpet":5,"techreborn:red_garnet_gem":3,"minecraft:mossy_cobblestone":1,"minecraft:diamond":1,"paladins:holy_wand":1,"regions_unexplored:maple_log":10,"minecraft:emerald":1,"minecraft:bread":4,"minecraft:coal":14},"minecraft:killed_by":{"minecraft:player":1,"mythicmounts:firebird":2},"minecraft:crafted":{"regions_unexplored:maple_planks":36,"techreborn:ruby_boots":1,"minecraft:stone_pickaxe":1,"minecraft:chest":1,"minecraft:crafting_table":2,"minecraft:spruce_planks":50,"minecraft:wooden_pickaxe":1,"minecraft:bucket":1,"minecraft:stone_axe":1,"techreborn:ruby_pickaxe":1,"minecraft:shield":1,"minecraft:stick":4},"minecraft:mined":{"minecraft:dark_oak_planks":2,"minecraft:diamond_ore":1,"regions_unexplored:maple_log":2,"minecraft:cobblestone_stairs":1,"regions_unexplored:cattail":1,"minecraft:grass_block":6,"regions_unexplored:maple_leaves":2,"minecraft:spruce_leaves":2,"frostiful:hot_sun_lichen":1,"minecraft:gilded_blackstone":2,"minecraft:oak_trapdoor":18,"regions_unexplored:mossy_stone":1,"minecraft:pumpkin":1,"treechop:chopped_log":3,"minecraft:bookshelf":22,"minecraft:oak_stairs":6,"minecraft:green_carpet":1,"regions_unexplored:medium_grass":7,"minecraft:stone":29,"ad_astra:sky_stone":3,"minecraft:white_wool":5,"minecraft:red_bed":1,"minecraft:smoker":1,"minecraft:oak_fence":4,"minecraft:crafting_table":5,"minecraft:chest":1,"minecraft:sugar_cane":1,"minecraft:stripped_spruce_wood":6,"techreborn:ruby_ore":3,"minecraft:spruce_log":4,"minecraft:grass":6,"minecraft:coal_ore":14,"minecraft:sand":14,"minecraft:dirt":13,"minecraft:cobweb":2},"minecraft:custom":{"lootr:looted_stat":82,"minecraft:mob_kills":36,"minecraft:interact_with_crafting_table":21,"minecraft:open_barrel":20,"minecraft:damage_dealt_resisted":0,"minecraft:eat_cake_slice":1,"minecraft:leave_game":3,"minecraft:time_since_death":62001,"minecraft:climb_one_cm":6591,"minecraft:damage_resisted":0,"minecraft:sprint_one_cm":409186,"minecraft:walk_one_cm":269878,"minecraft:damage_blocked_by_shield":665,"minecraft:drop":67,"minecraft:play_time":132495,"minecraft:deaths":3,"minecraft:sneak_time":2803,"minecraft:walk_under_water_one_cm":15213,"minecraft:jump":1445,"minecraft:walk_on_water_one_cm":22545,"minecraft:total_world_time":132495,"minecraft:interact_with_furnace":2,"minecraft:sleep_in_bed":1,"minecraft:hex":0,"minecraft:time_since_rest":36687,"minecraft:damage_taken":3176,"minecraft:damage_dealt":7532,"minecraft:swim_one_cm":42416,"minecraft:fly_one_cm":271791,"minecraft:open_chest":14,"minecraft:crouch_one_cm":6839,"minecraft:threat":4,"minecraft:fall_one_cm":35498,"minecraft:horse_one_cm":1241}},"DataVersion":3465}