{"stats":{"minecraft:dropped":{"minecraft:iron_ingot":1,"minecraft:iron_sword":1,"techreborn:red_garnet_gem":3,"simplyswords:diamond_greataxe":1,"minecraft:wheat_seeds":3,"paladins:holy_wand":1,"minecraft:stone_sword":3,"minecraft:mossy_cobblestone":1,"minecraft:smooth_stone_slab":6,"minecraft:oak_fence":5,"spellbladenext:frost_claymore":1,"spellbladenext:fire_orb":1,"minecraft:rotten_flesh":12,"minecraft:glow_berries":5,"fishofthieves:pondie":1,"minecraft:lantern":1,"spellbladenext:monkeystaff":1,"paladins:golden_mace":1,"minecraft:dirt":11,"mcdw:crossbow_cog_crossbow":1,"fishofthieves:earthworms":2,"minecraft:iron_chestplate":1,"minecraft:golden_leggings":2,"minecraft:chest":1,"minecraft:pumpkin":1,"simplyswords:gold_chakram":1,"minecraft:arrow":6,"minecraft:wooden_pickaxe":1,"minecraft:iron_pickaxe":1,"minecraft:white_wool":17,"twigs:twig":3,"simplyswords:iron_cutlass":3},"minecraft:killed":{"graveyard:ghoul":1,"minecraft:vindicator":1,"minecraft:spider":1,"minecraft:creeper":1,"minecraft:skeleton":1,"minecraft:pillager":5,"minecraft:zombie":5},"minecraft:used":{"minecraft:mossy_stone_bricks":1,"minecraft:stone_sword":94,"minecraft:stone_pickaxe":22,"minecraft:shield":14,"minecraft:wooden_pickaxe":3,"spellbladenext:crystal_cutlass":8,"simplyswords:diamond_greataxe":22,"minecraft:dirt":8,"minecraft:crafting_table":4,"mcdw:crossbow_cog_crossbow":1,"minecraft:milk_bucket":1,"minecraft:apple":19,"techreborn:ruby_boots":1,"minecraft:lantern":8,"minecraft:iron_axe":2,"minecraft:bread":12,"minecraft:iron_pickaxe":22,"regions_unexplored:maple_sapling":4,"minecraft:golden_carrot":5,"regions_unexplored:maple_log":1,"minecraft:experience_bottle":1},"minecraft:picked_up":{"minecraft:crafting_table":4,"minecraft:golden_leggings":1,"spellbladenext:monkeystaff":1,"simplyswords:gold_chakram":1,"minecraft:gunpowder":1,"minecraft:string":2,"minecraft:dirt":19,"minecraft:lantern":1,"minecraft:white_banner":1,"minecraft:smooth_stone_slab":6,"minecraft:apple":1,"minecraft:wheat_seeds":3,"fishofthieves:earthworms":2,"minecraft:mossy_stone_bricks":1,"spellbladenext:frost_claymore":1,"twigs:twig":3,"minecraft:chest":1,"minecraft:diamond_ore":1,"minecraft:stick":4,"spellbladenext:fire_orb":1,"minecraft:pumpkin":1,"minecraft:oak_fence":5,"fishofthieves:pondie":1,"techreborn:ruby_gem":7,"minecraft:sand":14,"simplyswords:iron_cutlass":2,"techreborn:red_garnet_gem":3,"minecraft:mossy_cobblestone":1,"minecraft:stone_sword":2,"minecraft:arrow":4,"minecraft:rotten_flesh":12,"regions_unexplored:maple_sapling":4,"paladins:holy_wand":1,"regions_unexplored:maple_log":10,"minecraft:bread":4,"minecraft:emerald":1,"minecraft:glow_berries":5,"minecraft:coal":14,"minecraft:white_wool":17,"minecraft:cobblestone":29},"minecraft:killed_by":{"minecraft:player":1,"mythicmounts:firebird":2},"minecraft:crafted":{"minecraft:crafting_table":1,"regions_unexplored:maple_planks":36,"minecraft:wooden_pickaxe":1,"techreborn:ruby_boots":1,"minecraft:bucket":1,"minecraft:stone_axe":1,"techreborn:ruby_pickaxe":1,"minecraft:stick":4,"minecraft:stone_pickaxe":1,"minecraft:chest":1},"minecraft:mined":{"regions_unexplored:maple_log":2,"minecraft:crafting_table":4,"regions_unexplored:cattail":1,"minecraft:grass_block":6,"regions_unexplored:maple_leaves":2,"techreborn:ruby_ore":3,"regions_unexplored:mossy_stone":1,"minecraft:pumpkin":1,"treechop:chopped_log":2,"minecraft:grass":6,"minecraft:coal_ore":14,"minecraft:dirt":13,"minecraft:sand":14,"minecraft:cobweb":1,"regions_unexplored:medium_grass":7,"minecraft:stone":29,"minecraft:white_wool":5},"minecraft:custom":{"minecraft:interact_with_furnace":1,"lootr:looted_stat":30,"minecraft:mob_kills":17,"minecraft:interact_with_crafting_table":20,"minecraft:damage_dealt_resisted":0,"minecraft:eat_cake_slice":1,"minecraft:leave_game":3,"minecraft:time_since_death":26001,"minecraft:sleep_in_bed":1,"minecraft:hex":0,"minecraft:climb_one_cm":3307,"minecraft:damage_resisted":0,"minecraft:time_since_rest":687,"minecraft:sprint_one_cm":262478,"minecraft:damage_taken":2816,"minecraft:walk_one_cm":202363,"minecraft:damage_blocked_by_shield":665,"minecraft:drop":51,"minecraft:damage_dealt":4398,"minecraft:swim_one_cm":24817,"minecraft:fly_one_cm":133758,"minecraft:open_chest":8,"minecraft:crouch_one_cm":5097,"minecraft:play_time":96495,"minecraft:deaths":3,"minecraft:sneak_time":2149,"minecraft:walk_under_water_one_cm":13897,"minecraft:jump":751,"minecraft:threat":1,"minecraft:walk_on_water_one_cm":19432,"minecraft:total_world_time":96495,"minecraft:fall_one_cm":15625,"minecraft:horse_one_cm":1241}},"DataVersion":3465}