{"stats":{"minecraft:killed":{"minecraft:spider":4,"minecraft:vindicator":1,"minecraft:skeleton":1,"minecells:leaping_zombie":1,"minecells:grenadier":1,"graveyard:ghoul":1,"minecraft:salmon":5,"creeperoverhaul:spruce_creeper":1,"minecraft:squid":1,"minecraft:creeper":1,"minecraft:sheep":1,"minecraft:pillager":5,"minecraft:zombie":6,"minecraft:cow":16},"minecraft:mined":{"minecraft:dark_oak_planks":2,"minecraft:diamond_ore":1,"minecraft:farmland":1,"regions_unexplored:maple_log":2,"minecraft:cobblestone_stairs":1,"regions_unexplored:cattail":1,"minecraft:grass_block":9,"regions_unexplored:maple_leaves":2,"minecraft:spruce_leaves":2,"frostiful:hot_sun_lichen":1,"minecraft:gilded_blackstone":2,"minecraft:oak_trapdoor":18,"regions_unexplored:mossy_stone":1,"minecraft:pumpkin":1,"treechop:chopped_log":3,"minecraft:bookshelf":22,"minecraft:potatoes":20,"minecraft:oak_stairs":6,"minecraft:green_carpet":1,"regions_unexplored:medium_grass":7,"minecraft:stone":29,"ad_astra:sky_stone":3,"minecraft:white_wool":5,"minecraft:red_bed":2,"minecraft:smoker":1,"minecraft:oak_fence":4,"minecraft:crafting_table":5,"regions_unexplored:peat_grass_block":1,"minecraft:chest":1,"minecraft:tall_grass":2,"minecraft:cobblestone":1,"minecraft:sugar_cane":1,"minecraft:stripped_spruce_wood":6,"techreborn:ruby_ore":3,"minecraft:spruce_log":4,"minecraft:grass":7,"minecraft:coal_ore":14,"regions_unexplored:peat_dirt":2,"minecraft:sand":37,"minecraft:gravel":4,"minecraft:dirt":13,"minecraft:cobweb":2,"minecraft:fern":1},"minecraft:dropped":{"minecraft:iron_ingot":1,"minecraft:iron_sword":1,"minecraft:wheat_seeds":6,"paladins:holy_wand":1,"minecraft:mossy_cobblestone":1,"minecells:promenade_dimensional_rune":1,"minecraft:poisonous_potato":1,"spellbladenext:frost_claymore":1,"spellbladenext:fire_orb":1,"minecraft:oak_fence":5,"minecraft:glow_berries":5,"minecraft:book":2,"fishofthieves:pondie":1,"minecraft:lantern":1,"minecraft:leather":5,"paladins:golden_mace":1,"ad_astra:sky_stone":1,"minecells:broadsword":1,"archon:gust_tome":1,"minecraft:dirt":11,"archon:propel_tome":1,"minecraft:ink_sac":1,"minecraft:chain":1,"minecraft:pumpkin":1,"simplyswords:gold_chakram":1,"minecraft:iron_pickaxe":1,"minecraft:chainmail_leggings":1,"minecraft:dark_oak_planks":2,"croptopia:calamari":1,"fishofthieves:grubs":3,"minecraft:white_wool":17,"minecraft:spruce_sapling":2,"twigs:twig":5,"simplyswords:iron_cutlass":3,"minecraft:gravel":4,"techreborn:red_garnet_gem":3,"simplyswords:diamond_greataxe":1,"minecraft:stone_sword":3,"minecraft:smooth_stone_slab":6,"simplyswords:ribboncleaver":1,"simplyswords:dormant_relic":1,"minecraft:rotten_flesh":12,"fishofthieves:fish_bone":1,"minecraft:salmon":1,"spellbladenext:monkeystaff":1,"minecraft:potato":3,"mcdw:crossbow_cog_crossbow":1,"minecraft:shield":2,"fishofthieves:earthworms":2,"minecraft:spruce_trapdoor":1,"minecraft:iron_chestplate":2,"minecraft:golden_leggings":2,"minecraft:chest":1,"croptopia:roe":1,"minecraft:spruce_log":6,"minecraft:arrow":6,"minecraft:wooden_pickaxe":1,"artifacts:snowshoes":1},"minecraft:picked_up":{"minecraft:crafting_table":5,"minecraft:oak_stairs":8,"croptopia:calamari":1,"ad_astra:sky_stone":1,"minecraft:shield":1,"minecraft:string":4,"minecraft:oak_trapdoor":18,"minecraft:red_bed":2,"minecraft:smooth_stone_slab":6,"minecraft:oak_sign":10,"minecraft:beef":32,"minecraft:sugar_cane":2,"minecraft:chest":2,"minecraft:spruce_trapdoor":1,"minecraft:diamond_ore":1,"minecells:guts":1,"minecraft:stick":4,"minecraft:oak_fence":10,"minecells:monsters_eye":1,"techreborn:ruby_gem":7,"simplyswords:dormant_relic":1,"simplyswords:iron_cutlass":2,"minecraft:dark_oak_planks":2,"minecells:promenade_dimensional_rune":1,"minecraft:stone_sword":2,"minecraft:arrow":19,"bewitchment:garlic":1,"minecraft:rotten_flesh":19,"regions_unexplored:maple_sapling":4,"minecraft:glow_berries":5,"minecraft:mutton":1,"minecells:broadsword":1,"minecraft:white_wool":18,"minecraft:cobblestone":30,"regions_unexplored:peat_dirt":3,"minecraft:salmon":1,"minecraft:leather":13,"minecraft:golden_leggings":1,"minecraft:smoker":1,"spellbladenext:monkeystaff":1,"minecraft:potato":73,"simplyswords:gold_chakram":1,"fishofthieves:grubs":3,"minecraft:stripped_spruce_wood":6,"minecraft:gunpowder":1,"minecraft:cobblestone_stairs":1,"minecraft:dirt":23,"minecraft:lantern":1,"minecraft:white_banner":1,"minecraft:apple":1,"minecraft:wheat_seeds":6,"simplyswords:ribboncleaver":1,"bewitchment:mandrake_seeds":1,"fishofthieves:earthworms":2,"minecraft:mossy_stone_bricks":1,"croptopia:roe":1,"twigs:twig":5,"spellbladenext:frost_claymore":2,"minecraft:book":66,"spellbladenext:fire_orb":1,"minecraft:pumpkin":1,"minecells:monster_cell":2,"fishofthieves:pondie":1,"minecraft:poisonous_potato":1,"minecells:infected_flesh":4,"minecraft:gravel":4,"minecraft:sand":37,"minecraft:spruce_sapling":2,"minecraft:ink_sac":1,"minecraft:spruce_log":46,"minecraft:green_carpet":5,"techreborn:red_garnet_gem":3,"minecraft:spider_eye":1,"minecraft:mossy_cobblestone":1,"fishofthieves:fish_bone":1,"minecraft:diamond":1,"paladins:holy_wand":1,"regions_unexplored:maple_log":10,"minecraft:emerald":1,"minecraft:bread":4,"minecraft:coal":14},"minecraft:custom":{"lootr:looted_stat":82,"minecraft:mob_kills":47,"minecraft:interact_with_crafting_table":36,"minecraft:open_barrel":51,"minecraft:damage_dealt_resisted":0,"minecraft:eat_cake_slice":1,"minecraft:leave_game":4,"minecraft:time_since_death":96375,"minecraft:climb_one_cm":6591,"minecraft:damage_resisted":0,"minecraft:sprint_one_cm":496429,"minecraft:walk_one_cm":314111,"minecraft:damage_blocked_by_shield":665,"minecraft:drop":91,"minecraft:play_time":166869,"minecraft:deaths":3,"minecraft:sneak_time":3654,"minecraft:walk_under_water_one_cm":17686,"minecraft:jump":1922,"minecraft:walk_on_water_one_cm":33957,"minecraft:total_world_time":166869,"minecraft:interact_with_furnace":9,"minecraft:sleep_in_bed":1,"minecraft:hex":0,"minecraft:time_since_rest":71061,"minecraft:damage_taken":3672,"minecraft:damage_dealt":8497,"minecraft:swim_one_cm":77524,"minecraft:fly_one_cm":380045,"minecraft:open_chest":48,"minecraft:crouch_one_cm":9886,"minecraft:threat":6,"minecraft:interact_with_smoker":10,"minecraft:fall_one_cm":50564,"minecraft:horse_one_cm":1241},"minecraft:killed_by":{"minecraft:player":1,"mythicmounts:firebird":2},"minecraft:used":{"spellbladenext:frost_claymore":62,"minecraft:stone_sword":94,"minecraft:chest":1,"minecraft:shield":14,"spellbladenext:crystal_cutlass":97,"minecraft:dirt":12,"minecraft:mutton":1,"minecraft:milk_bucket":2,"minecraft:lantern":8,"minecraft:iron_axe":69,"techreborn:ruby_boots":1,"regions_unexplored:maple_sapling":4,"minecraft:barrel":2,"minecraft:golden_carrot":5,"minecraft:furnace":1,"minecraft:cooked_beef":1,"minecraft:potato":45,"simplyswords:dormant_relic":4,"minecraft:water_bucket":1,"minecraft:mossy_stone_bricks":1,"minecraft:cobblestone_stairs":1,"regions_unexplored:peat_dirt":3,"minecraft:stone_pickaxe":22,"minecraft:wooden_pickaxe":3,"simplyswords:diamond_greataxe":22,"minecraft:crafting_table":7,"minecraft:red_bed":1,"mcdw:crossbow_cog_crossbow":1,"minecraft:smoker":1,"minecraft:wooden_hoe":25,"minecraft:apple":19,"techreborn:ruby_pickaxe":9,"minecraft:bread":32,"minecraft:iron_pickaxe":22,"minecraft:diamond_ore":1,"minecraft:cobblestone":11,"travelersbackpack:standard":2,"minecraft:bucket":2,"minecraft:pumpkin_pie":1,"regions_unexplored:maple_log":1,"minecraft:bone_meal":42,"minecraft:experience_bottle":1},"minecraft:crafted":{"comforts:sleeping_bag_white":1,"regions_unexplored:maple_planks":36,"minecraft:furnace":1,"techreborn:ruby_boots":1,"minecraft:bone_meal":42,"minecraft:glass":15,"minecraft:stone_pickaxe":1,"minecraft:chest":2,"minecraft:cooked_beef":34,"minecraft:crafting_table":2,"minecraft:spruce_planks":74,"travelersbackpack:backpack_tank":2,"minecraft:wooden_pickaxe":1,"travelersbackpack:standard":1,"minecraft:bucket":1,"minecraft:stone_axe":1,"techreborn:ruby_pickaxe":1,"minecraft:air":0,"minecraft:iron_chestplate":1,"minecraft:wooden_hoe":1,"minecraft:shield":1,"minecraft:stick":8,"minecraft:iron_leggings":1}},"DataVersion":3465}