{"stats":{"minecraft:dropped":{"fishofthieves:earthworms":2,"minecraft:iron_chestplate":1,"minecraft:chest":1,"minecraft:golden_leggings":2,"minecraft:glow_berries":1,"minecraft:rotten_flesh":8,"minecraft:pumpkin":1,"minecraft:wooden_pickaxe":1},"minecraft:killed":{"minecraft:zombie":2},"minecraft:used":{"minecraft:apple":1,"minecraft:stone_sword":24,"minecraft:stone_pickaxe":22,"minecraft:bread":3,"regions_unexplored:maple_sapling":4,"minecraft:wooden_pickaxe":3,"minecraft:shield":8,"minecraft:dirt":4,"minecraft:crafting_table":2,"regions_unexplored:maple_log":1},"minecraft:picked_up":{"minecraft:stick":4,"minecraft:crafting_table":2,"minecraft:pumpkin":1,"minecraft:golden_leggings":1,"minecraft:dirt":18,"minecraft:rotten_flesh":8,"minecraft:apple":1,"regions_unexplored:maple_sapling":4,"minecraft:wheat_seeds":3,"regions_unexplored:maple_log":10,"fishofthieves:earthworms":2,"twigs:twig":3,"minecraft:chest":1,"minecraft:glow_berries":5,"minecraft:cobblestone":25},"minecraft:killed_by":{"mythicmounts:firebird":2},"minecraft:crafted":{"minecraft:crafting_table":1,"minecraft:stick":4,"regions_unexplored:maple_planks":36,"minecraft:wooden_pickaxe":1,"minecraft:stone_pickaxe":1,"minecraft:chest":1,"minecraft:stone_axe":1},"minecraft:mined":{"regions_unexplored:maple_log":2,"minecraft:pumpkin":1,"treechop:chopped_log":2,"minecraft:crafting_table":2,"minecraft:grass":6,"minecraft:grass_block":6,"minecraft:dirt":12,"regions_unexplored:maple_leaves":2,"regions_unexplored:medium_grass":6,"minecraft:stone":25},"minecraft:custom":{"minecraft:time_since_rest":13242,"lootr:looted_stat":3,"minecraft:sprint_one_cm":67313,"minecraft:damage_taken":770,"minecraft:walk_one_cm":66840,"minecraft:damage_blocked_by_shield":395,"minecraft:mob_kills":2,"minecraft:drop":13,"minecraft:damage_dealt":822,"minecraft:interact_with_crafting_table":11,"minecraft:swim_one_cm":4434,"minecraft:fly_one_cm":25119,"minecraft:open_chest":8,"minecraft:crouch_one_cm":2256,"minecraft:play_time":48495,"minecraft:deaths":2,"minecraft:sneak_time":1098,"minecraft:walk_under_water_one_cm":7227,"minecraft:jump":191,"minecraft:leave_game":3,"minecraft:time_since_death":13212,"minecraft:walk_on_water_one_cm":2453,"minecraft:climb_one_cm":338,"minecraft:total_world_time":48495,"minecraft:hex":0,"minecraft:fall_one_cm":4247,"minecraft:horse_one_cm":1241}},"DataVersion":3465}