{"stats":{"minecraft:used":{"minecraft:stone_sword":7,"minecraft:bread":3,"regions_unexplored:maple_sapling":1,"minecraft:shield":6,"regions_unexplored:maple_log":1},"minecraft:picked_up":{"regions_unexplored:maple_sapling":1,"regions_unexplored:maple_log":2},"minecraft:killed_by":{"mythicmounts:firebird":1},"minecraft:crafted":{"regions_unexplored:maple_planks":4},"minecraft:mined":{"regions_unexplored:maple_log":2,"regions_unexplored:maple_leaves":2,"treechop:chopped_log":1},"minecraft:custom":{"minecraft:time_since_rest":3069,"minecraft:crouch_one_cm":1046,"minecraft:sprint_one_cm":32475,"minecraft:play_time":12966,"minecraft:deaths":1,"minecraft:damage_taken":445,"minecraft:walk_one_cm":20938,"minecraft:sneak_time":323,"minecraft:damage_blocked_by_shield":270,"minecraft:walk_under_water_one_cm":589,"minecraft:jump":69,"minecraft:damage_dealt":242,"minecraft:leave_game":3,"minecraft:walk_on_water_one_cm":678,"minecraft:time_since_death":3024,"minecraft:climb_one_cm":246,"minecraft:total_world_time":12966,"minecraft:hex":0,"minecraft:swim_one_cm":1250,"minecraft:fall_one_cm":2993,"minecraft:fly_one_cm":11527}},"DataVersion":3465}