{"stats":{"minecraft:dropped":{"minecraft:wooden_pickaxe":1},"minecraft:used":{"minecraft:stone_sword":7,"minecraft:stone_pickaxe":22,"minecraft:bread":3,"regions_unexplored:maple_sapling":4,"minecraft:shield":6,"minecraft:wooden_pickaxe":3,"minecraft:dirt":2,"minecraft:crafting_table":1,"regions_unexplored:maple_log":1},"minecraft:picked_up":{"minecraft:stick":4,"minecraft:dirt":15,"minecraft:apple":1,"regions_unexplored:maple_sapling":4,"minecraft:wheat_seeds":1,"regions_unexplored:maple_log":10,"fishofthieves:earthworms":1,"twigs:twig":2,"minecraft:cobblestone":25},"minecraft:killed_by":{"mythicmounts:firebird":1},"minecraft:crafted":{"minecraft:crafting_table":1,"minecraft:stick":4,"regions_unexplored:maple_planks":36,"minecraft:wooden_pickaxe":1,"minecraft:stone_pickaxe":1,"minecraft:stone_axe":1},"minecraft:mined":{"regions_unexplored:maple_log":2,"treechop:chopped_log":2,"minecraft:grass_block":3,"minecraft:dirt":12,"regions_unexplored:maple_leaves":2,"minecraft:stone":25},"minecraft:custom":{"minecraft:time_since_rest":10489,"minecraft:sprint_one_cm":39316,"minecraft:damage_taken":445,"minecraft:walk_one_cm":26257,"minecraft:damage_blocked_by_shield":270,"minecraft:drop":1,"minecraft:damage_dealt":242,"minecraft:interact_with_crafting_table":5,"minecraft:swim_one_cm":1250,"minecraft:fly_one_cm":15479,"minecraft:crouch_one_cm":2009,"minecraft:play_time":20386,"minecraft:deaths":1,"minecraft:sneak_time":908,"minecraft:walk_under_water_one_cm":589,"minecraft:jump":100,"minecraft:leave_game":3,"minecraft:time_since_death":10444,"minecraft:walk_on_water_one_cm":709,"minecraft:hex":0,"minecraft:total_world_time":20386,"minecraft:climb_one_cm":246,"minecraft:fall_one_cm":2993}},"DataVersion":3465}