{"stats":{"minecraft:dropped":{"minecraft:iron_ingot":1,"minecraft:wheat_seeds":3,"paladins:holy_wand":1,"minecraft:stone_sword":3,"minecraft:mossy_cobblestone":1,"minecraft:smooth_stone_slab":6,"minecraft:oak_fence":5,"spellbladenext:frost_claymore":1,"spellbladenext:fire_orb":1,"minecraft:rotten_flesh":11,"minecraft:glow_berries":5,"minecraft:lantern":1,"paladins:golden_mace":1,"minecraft:dirt":11,"mcdw:crossbow_cog_crossbow":1,"fishofthieves:earthworms":2,"minecraft:iron_chestplate":1,"minecraft:golden_leggings":2,"minecraft:chest":1,"minecraft:pumpkin":1,"minecraft:arrow":6,"minecraft:wooden_pickaxe":1,"minecraft:white_wool":17,"twigs:twig":3,"simplyswords:iron_cutlass":3},"minecraft:killed":{"graveyard:ghoul":1,"minecraft:creeper":1,"minecraft:skeleton":1,"minecraft:pillager":5,"minecraft:zombie":4},"minecraft:used":{"minecraft:stone_sword":94,"minecraft:stone_pickaxe":22,"minecraft:shield":14,"minecraft:wooden_pickaxe":3,"simplyswords:diamond_greataxe":11,"minecraft:dirt":8,"minecraft:crafting_table":2,"mcdw:crossbow_cog_crossbow":1,"minecraft:apple":7,"minecraft:lantern":8,"minecraft:bread":12,"minecraft:iron_pickaxe":17,"regions_unexplored:maple_sapling":4,"regions_unexplored:maple_log":1,"minecraft:experience_bottle":1},"minecraft:picked_up":{"minecraft:crafting_table":2,"minecraft:golden_leggings":1,"minecraft:gunpowder":1,"minecraft:string":1,"minecraft:dirt":19,"minecraft:lantern":1,"minecraft:white_banner":1,"minecraft:smooth_stone_slab":6,"minecraft:apple":1,"minecraft:wheat_seeds":3,"fishofthieves:earthworms":2,"spellbladenext:frost_claymore":1,"twigs:twig":3,"minecraft:chest":1,"minecraft:diamond_ore":1,"minecraft:stick":4,"spellbladenext:fire_orb":1,"minecraft:pumpkin":1,"minecraft:oak_fence":5,"fishofthieves:pondie":1,"minecraft:sand":14,"simplyswords:iron_cutlass":2,"minecraft:mossy_cobblestone":1,"minecraft:stone_sword":2,"minecraft:arrow":2,"minecraft:rotten_flesh":11,"regions_unexplored:maple_sapling":4,"paladins:holy_wand":1,"regions_unexplored:maple_log":10,"minecraft:bread":4,"minecraft:emerald":1,"minecraft:glow_berries":5,"minecraft:coal":14,"minecraft:white_wool":17,"minecraft:cobblestone":27},"minecraft:killed_by":{"minecraft:player":1,"mythicmounts:firebird":2},"minecraft:crafted":{"minecraft:crafting_table":1,"regions_unexplored:maple_planks":36,"minecraft:wooden_pickaxe":1,"minecraft:stone_axe":1,"minecraft:stick":4,"minecraft:stone_pickaxe":1,"minecraft:chest":1},"minecraft:mined":{"regions_unexplored:maple_log":2,"minecraft:crafting_table":2,"regions_unexplored:cattail":1,"minecraft:grass_block":6,"regions_unexplored:maple_leaves":2,"regions_unexplored:mossy_stone":1,"minecraft:pumpkin":1,"treechop:chopped_log":2,"minecraft:grass":6,"minecraft:coal_ore":14,"minecraft:dirt":13,"minecraft:sand":14,"minecraft:cobweb":1,"regions_unexplored:medium_grass":7,"minecraft:stone":27,"minecraft:white_wool":5},"minecraft:custom":{"lootr:looted_stat":19,"minecraft:mob_kills":13,"minecraft:interact_with_crafting_table":11,"minecraft:damage_dealt_resisted":0,"minecraft:leave_game":3,"minecraft:time_since_death":2001,"minecraft:hex":0,"minecraft:climb_one_cm":1361,"minecraft:damage_resisted":0,"minecraft:time_since_rest":2028,"minecraft:sprint_one_cm":157465,"minecraft:damage_taken":1862,"minecraft:walk_one_cm":143765,"minecraft:damage_blocked_by_shield":665,"minecraft:drop":43,"minecraft:damage_dealt":3571,"minecraft:swim_one_cm":5220,"minecraft:fly_one_cm":60081,"minecraft:open_chest":8,"minecraft:crouch_one_cm":4771,"minecraft:play_time":72495,"minecraft:deaths":3,"minecraft:sneak_time":2047,"minecraft:walk_under_water_one_cm":11406,"minecraft:jump":434,"minecraft:walk_on_water_one_cm":15224,"minecraft:total_world_time":72495,"minecraft:fall_one_cm":10072,"minecraft:horse_one_cm":1241}},"DataVersion":3465}