{"stats":{"minecraft:mined":{"regions_unexplored:maple_log":2,"regions_unexplored:maple_leaves":2},"minecraft:picked_up":{"regions_unexplored:maple_log":2},"minecraft:custom":{"minecraft:jump":25,"minecraft:time_since_rest":6049,"minecraft:leave_game":2,"minecraft:crouch_one_cm":191,"minecraft:play_time":6049,"minecraft:sprint_one_cm":15894,"minecraft:damage_taken":50,"minecraft:time_since_death":6049,"minecraft:walk_one_cm":5254,"minecraft:sneak_time":156,"minecraft:total_world_time":6049,"minecraft:hex":0,"minecraft:fall_one_cm":1621,"minecraft:fly_one_cm":3829},"minecraft:used":{"regions_unexplored:maple_log":1}},"DataVersion":3465}