{"stats":{"minecraft:dropped":{"minecraft:iron_ingot":1,"minecraft:wheat_seeds":3,"minecraft:stone_sword":1,"spellbladenext:fire_orb":1,"minecraft:rotten_flesh":11,"minecraft:glow_berries":1,"minecraft:lantern":1,"paladins:golden_mace":1,"fishofthieves:earthworms":2,"minecraft:iron_chestplate":1,"minecraft:golden_leggings":2,"minecraft:chest":1,"minecraft:pumpkin":1,"minecraft:wooden_pickaxe":1,"minecraft:white_wool":17},"minecraft:killed":{"graveyard:ghoul":1,"minecraft:creeper":1,"minecraft:skeleton":1,"minecraft:pillager":3,"minecraft:zombie":3},"minecraft:used":{"minecraft:stone_sword":94,"minecraft:stone_pickaxe":22,"minecraft:shield":14,"minecraft:wooden_pickaxe":3,"minecraft:dirt":8,"minecraft:crafting_table":2,"mcdw:crossbow_cog_crossbow":1,"minecraft:apple":1,"minecraft:bread":6,"regions_unexplored:maple_sapling":4,"regions_unexplored:maple_log":1,"minecraft:experience_bottle":1},"minecraft:picked_up":{"minecraft:crafting_table":2,"minecraft:golden_leggings":1,"minecraft:gunpowder":1,"minecraft:dirt":19,"minecraft:lantern":1,"minecraft:apple":1,"minecraft:wheat_seeds":3,"fishofthieves:earthworms":2,"twigs:twig":3,"minecraft:chest":1,"minecraft:stick":4,"spellbladenext:fire_orb":1,"minecraft:pumpkin":1,"minecraft:sand":14,"minecraft:arrow":2,"minecraft:rotten_flesh":11,"regions_unexplored:maple_sapling":4,"paladins:holy_wand":1,"regions_unexplored:maple_log":10,"minecraft:emerald":1,"minecraft:glow_berries":5,"minecraft:white_wool":17,"minecraft:cobblestone":25},"minecraft:killed_by":{"mythicmounts:firebird":2},"minecraft:crafted":{"minecraft:crafting_table":1,"regions_unexplored:maple_planks":36,"minecraft:wooden_pickaxe":1,"minecraft:stone_axe":1,"minecraft:stick":4,"minecraft:stone_pickaxe":1,"minecraft:chest":1},"minecraft:mined":{"regions_unexplored:maple_log":2,"minecraft:crafting_table":2,"regions_unexplored:cattail":1,"minecraft:grass_block":6,"regions_unexplored:maple_leaves":2,"minecraft:pumpkin":1,"treechop:chopped_log":2,"minecraft:grass":6,"minecraft:dirt":13,"minecraft:sand":14,"regions_unexplored:medium_grass":7,"minecraft:stone":25,"minecraft:white_wool":5},"minecraft:custom":{"lootr:looted_stat":6,"minecraft:mob_kills":10,"minecraft:interact_with_crafting_table":11,"minecraft:damage_dealt_resisted":0,"minecraft:leave_game":3,"minecraft:time_since_death":25212,"minecraft:hex":0,"minecraft:climb_one_cm":338,"minecraft:damage_resisted":0,"minecraft:time_since_rest":25242,"minecraft:sprint_one_cm":103731,"minecraft:damage_taken":1042,"minecraft:walk_one_cm":101199,"minecraft:damage_blocked_by_shield":665,"minecraft:drop":26,"minecraft:damage_dealt":3061,"minecraft:swim_one_cm":5035,"minecraft:fly_one_cm":41160,"minecraft:open_chest":8,"minecraft:crouch_one_cm":3423,"minecraft:play_time":60495,"minecraft:deaths":2,"minecraft:sneak_time":1521,"minecraft:walk_under_water_one_cm":8256,"minecraft:jump":336,"minecraft:walk_on_water_one_cm":11708,"minecraft:total_world_time":60495,"minecraft:fall_one_cm":6386,"minecraft:horse_one_cm":1241}},"DataVersion":3465}