{"stats":{"minecraft:dropped":{"minecraft:stick":1},"minecraft:used":{"minecraft:wooden_axe":14,"minecraft:stone_sword":4,"minecraft:crafting_table":2,"minecraft:wooden_pickaxe":7},"minecraft:picked_up":{"minecraft:stick":9,"minecraft:crafting_table":2,"regions_unexplored:maple_sapling":7,"bewitchment:belladonna_seeds":1,"regions_unexplored:maple_log":15,"twigs:twig":5,"minecraft:coal":7,"minecraft:cobblestone":2},"minecraft:killed_by":{"minecraft:vindicator":1},"minecraft:crafted":{"minecraft:crafting_table":1,"minecraft:wooden_pickaxe":1,"regions_unexplored:maple_planks":32,"minecraft:wooden_axe":1},"minecraft:mined":{"minecraft:coal_ore":7,"minecraft:grass":2,"regions_unexplored:medium_grass":2,"treechop:chopped_log":1,"minecraft:crafting_table":2},"minecraft:custom":{"minecraft:time_since_rest":3165,"minecraft:crouch_one_cm":118,"minecraft:deaths":1,"minecraft:play_time":7815,"minecraft:sprint_one_cm":22913,"minecraft:damage_taken":449,"minecraft:walk_one_cm":20003,"minecraft:sneak_time":23,"minecraft:drop":1,"minecraft:jump":132,"minecraft:damage_dealt":225,"minecraft:leave_game":1,"minecraft:time_since_death":1914,"minecraft:walk_on_water_one_cm":2998,"minecraft:total_world_time":7815,"minecraft:hex":0,"minecraft:interact_with_crafting_table":2,"minecraft:fall_one_cm":3193,"minecraft:fly_one_cm":31464}},"DataVersion":3465}