{"stats":{"minecraft:killed":{"minecraft:skeleton":1},"minecraft:mined":{"regions_unexplored:maple_log":1,"betterarcheology:growth_totem":1,"minecraft:amethyst_cluster":2,"minecraft:crafting_table":4,"minecraft:glow_lichen":2,"minecraft:cave_vines_plant":3,"minecraft:chiseled_bookshelf":2,"minecraft:decorated_pot":3,"minecraft:polished_andesite_stairs":4,"minecraft:lectern":1,"minecraft:polished_andesite_slab":1,"minecraft:moss_block":5,"minecraft:wall_torch":2,"minecraft:amethyst_block":1,"techreborn:tin_ore":1,"betterarcheology:loot_vase_creeper":4,"minecraft:iron_ore":4,"treechop:chopped_log":1,"betterarcheology:loot_vase_green":5,"minecraft:grass":2,"minecraft:potted_azure_bluet":1,"minecraft:bookshelf":9,"minecraft:oak_log":8,"minecraft:coal_ore":12,"minecraft:cave_vines":5,"minecraft:flowering_azalea_leaves":1,"bewitchment:salt_ore":6,"regions_unexplored:medium_grass":2,"minecraft:azalea_leaves":10,"minecraft:polished_andesite":3,"minecraft:stone":2},"minecraft:dropped":{"minecraft:moss_block":2,"minecraft:cobblestone":1,"minecraft:glow_berries":5,"minecraft:azure_bluet":1,"minecraft:suspicious_stew":1,"minecraft:stick":1,"minecraft:flower_pot":1},"minecraft:picked_up":{"techreborn:raw_tin":1,"minecraft:shelter_pottery_sherd":3,"minecraft:crafting_table":4,"minecraft:wheat":44,"minecraft:azure_bluet":1,"minecraft:flower_pot":1,"minecraft:suspicious_stew":1,"minecraft:potato":4,"minecraft:oak_log":7,"minecraft:lapis_lazuli":13,"minecraft:heart_pottery_sherd":4,"minecraft:bone":4,"minecraft:moss_block":2,"minecraft:lectern":1,"twigs:twig":5,"minecraft:polished_andesite_slab":1,"minecraft:book":31,"minecraft:polished_andesite_stairs":4,"minecraft:stick":9,"minecraft:raw_iron":4,"minecraft:torch":2,"betterarcheology:artifact_shards":2,"bewitchment:belladonna_seeds":1,"minecraft:amethyst_shard":4,"bewitchment:salt":10,"minecraft:carrot":4,"minecraft:polished_andesite":3,"minecraft:pumpkin_seeds":3,"minecraft:snort_pottery_sherd":2,"minecraft:rotten_flesh":7,"regions_unexplored:maple_sapling":7,"minecraft:beetroot_seeds":4,"betterarcheology:growth_totem":1,"minecraft:writable_book":1,"regions_unexplored:maple_log":16,"minecraft:glow_berries":5,"minecraft:coal":24,"minecraft:cobblestone":4},"minecraft:custom":{"lootr:looted_stat":5,"minecraft:mob_kills":1,"minecraft:interact_with_crafting_table":11,"minecraft:leave_game":2,"minecraft:time_since_death":25301,"minecraft:hex":0,"minecraft:climb_one_cm":186,"minecraft:time_since_rest":25329,"minecraft:sprint_one_cm":51140,"minecraft:damage_taken":1249,"minecraft:walk_one_cm":74451,"minecraft:damage_blocked_by_shield":165,"minecraft:drop":8,"minecraft:damage_dealt":547,"minecraft:fly_one_cm":69347,"minecraft:play_time":35759,"minecraft:open_chest":16,"minecraft:crouch_one_cm":4474,"minecraft:deaths":3,"minecraft:sneak_time":1158,"minecraft:walk_under_water_one_cm":1476,"minecraft:interact_with_lectern":1,"minecraft:jump":370,"minecraft:walk_on_water_one_cm":15094,"minecraft:total_world_time":35759,"minecraft:fall_one_cm":13222},"minecraft:used":{"minecraft:writable_book":2,"minecraft:stone_sword":20,"minecraft:stone_pickaxe":34,"minecraft:oak_planks":28,"minecraft:wooden_pickaxe":14,"minecraft:chest":1,"minecraft:shield":4,"regions_unexplored:maple_planks":18,"minecraft:torch":3,"minecraft:crafting_table":5,"minecraft:wooden_axe":42,"minecraft:bread":2,"minecraft:polished_andesite_slab":7,"minecraft:goat_horn":1,"minecraft:potato":4,"regions_unexplored:maple_log":4},"minecraft:killed_by":{"minecraft:vindicator":2,"minecraft:skeleton":1},"minecraft:crafted":{"minecraft:oak_planks":28,"minecraft:crafting_table":1,"regions_unexplored:maple_planks":48,"minecraft:wooden_pickaxe":1,"minecraft:polished_andesite_slab":6,"minecraft:stick":4,"minecraft:stone_pickaxe":1,"minecraft:wooden_axe":1,"minecraft:chest":1,"minecraft:torch":16}},"DataVersion":3465}