{"stats":{"minecraft:killed":{"minecraft:zombified_piglin":18,"minecraft:skeleton":3,"minecraft:blaze":1,"betternether:naga":1},"minecraft:mined":{"regions_unexplored:maple_planks":2,"regions_unexplored:maple_log":1,"betterarcheology:growth_totem":1,"minecraft:amethyst_cluster":2,"minecraft:crafting_table":9,"minecraft:glow_lichen":2,"minecraft:cave_vines_plant":3,"minecraft:chiseled_bookshelf":2,"minecraft:decorated_pot":3,"minecraft:polished_andesite_stairs":4,"minecraft:lectern":1,"minecraft:cobblestone":2,"minecraft:polished_andesite_slab":1,"betternether:rubeus_leaves":2,"minecraft:moss_block":5,"minecraft:wall_torch":2,"minecraft:amethyst_block":1,"techreborn:tin_ore":1,"minecraft:furnace":1,"betterarcheology:loot_vase_creeper":4,"minecraft:iron_ore":4,"minecraft:fire":1,"treechop:chopped_log":1,"betterarcheology:loot_vase_green":5,"minecraft:grass":2,"minecraft:potted_azure_bluet":1,"minecraft:bookshelf":9,"minecraft:oak_log":8,"minecraft:coal_ore":12,"minecraft:cave_vines":5,"minecraft:flowering_azalea_leaves":1,"bewitchment:salt_ore":6,"regions_unexplored:medium_grass":2,"minecraft:azalea_leaves":10,"ae2:sky_stone_block":3,"minecraft:polished_andesite":3,"minecraft:stone":9,"minecraft:netherrack":1},"minecraft:dropped":{"minecraft:iron_ingot":1,"minecraft:moss_block":2,"minecraft:stone_sword":1,"minecraft:crafting_table":1,"ae2:sky_stone_block":2,"minecraft:rotten_flesh":4,"minecraft:cobblestone":3,"minecraft:glow_berries":5,"minecraft:azure_bluet":1,"minecraft:suspicious_stew":1,"minecraft:stick":5,"minecraft:flower_pot":1,"minecraft:bow":1,"minecraft:stone_pickaxe":1},"minecraft:picked_up":{"minecraft:iron_chestplate":1,"techreborn:raw_tin":1,"minecraft:shelter_pottery_sherd":3,"minecraft:crafting_table":10,"minecraft:wheat":44,"minecraft:azure_bluet":1,"minecraft:flower_pot":1,"minecraft:suspicious_stew":1,"minecraft:potato":4,"regions_unexplored:maple_boat":1,"regions_unexplored:maple_planks":2,"minecraft:oak_log":7,"minecraft:lapis_lazuli":13,"minecraft:heart_pottery_sherd":4,"minecells:health_flask":1,"minecraft:bone":7,"minecraft:bow":1,"minecraft:iron_ingot":1,"spellbladenext:fire_claymore":1,"minecraft:moss_block":2,"minecraft:lectern":1,"twigs:twig":5,"minecraft:polished_andesite_slab":1,"minecraft:book":31,"minecraft:polished_andesite_stairs":4,"minecraft:stick":11,"minecraft:raw_iron":4,"minecraft:torch":2,"betterarcheology:artifact_shards":2,"bewitchment:belladonna_seeds":1,"minecraft:amethyst_shard":4,"bewitchment:salt":10,"minecraft:carrot":4,"ae2:sky_stone_block":4,"minecraft:polished_andesite":3,"minecraft:pumpkin_seeds":3,"minecraft:snort_pottery_sherd":2,"minecraft:rotten_flesh":11,"regions_unexplored:maple_sapling":7,"minecraft:beetroot_seeds":4,"betterarcheology:growth_totem":1,"minecraft:writable_book":1,"regions_unexplored:maple_log":16,"minecraft:blaze_rod":1,"minecraft:glow_berries":5,"minecraft:coal":44,"minecraft:cobblestone":14},"minecraft:custom":{"minecraft:interact_with_furnace":3,"lootr:looted_stat":5,"minecraft:mob_kills":23,"minecraft:interact_with_crafting_table":17,"minecraft:damage_dealt_resisted":0,"minecraft:interact_with_grindstone":1,"minecraft:leave_game":2,"minecraft:time_since_death":8462,"minecraft:hex":0,"minecraft:climb_one_cm":258,"minecraft:time_since_rest":8567,"minecraft:sprint_one_cm":115254,"minecraft:damage_absorbed":80,"minecraft:damage_taken":2746,"minecraft:walk_one_cm":148727,"minecraft:damage_blocked_by_shield":210,"minecraft:drop":21,"minecraft:damage_dealt":2975,"minecraft:swim_one_cm":3403,"minecraft:fly_one_cm":178242,"minecraft:play_time":59759,"minecraft:open_chest":18,"minecraft:crouch_one_cm":6242,"minecraft:deaths":4,"minecraft:sneak_time":1523,"minecraft:walk_under_water_one_cm":1974,"minecraft:boat_one_cm":27790,"minecraft:interact_with_lectern":1,"minecraft:jump":907,"minecraft:walk_on_water_one_cm":19508,"minecraft:threat":5,"minecraft:total_world_time":59759,"minecraft:fall_one_cm":32198},"minecraft:used":{"minecraft:writable_book":2,"minecraft:stone_sword":23,"minecraft:stone_pickaxe":42,"minecraft:oak_planks":28,"minecraft:wooden_pickaxe":14,"minecraft:chest":1,"minecraft:shield":5,"minecraft:golden_apple":2,"regions_unexplored:maple_planks":20,"minecraft:torch":3,"minecraft:crafting_table":9,"minecraft:carrot":4,"minecraft:wooden_axe":42,"minecraft:iron_axe":7,"minecraft:bread":17,"minecraft:iron_pickaxe":6,"spellbladenext:fire_claymore":256,"minecraft:polished_andesite_slab":7,"minecraft:furnace":1,"minecraft:goat_horn":9,"minecraft:potato":4,"regions_unexplored:maple_log":4,"regions_unexplored:maple_boat":1},"minecraft:killed_by":{"minecraft:vindicator":2,"minecraft:zombified_piglin":1,"minecraft:skeleton":1},"minecraft:crafted":{"minecraft:oak_planks":28,"minecraft:crafting_table":1,"regions_unexplored:maple_planks":48,"minecraft:wooden_pickaxe":1,"minecraft:furnace":1,"regions_unexplored:maple_boat":1,"minecraft:polished_andesite_slab":6,"minecraft:bread":8,"minecraft:stick":8,"minecraft:iron_ingot":3,"minecraft:iron_pickaxe":1,"minecraft:stone_pickaxe":1,"minecraft:wooden_axe":1,"minecraft:chest":1,"minecraft:torch":16}},"DataVersion":3465}