{"stats":{"minecraft:used":{"minecraft:stone_sword":9,"minecraft:bread":3},"minecraft:picked_up":{"regions_unexplored:maple_log":3,"techreborn:rubber_log":1,"twigs:twig":1,"minecraft:sugar_cane":4},"minecraft:crafted":{"minecraft:crafting_table":1,"techreborn:rubber_planks":4,"regions_unexplored:maple_planks":12},"minecraft:mined":{"minecraft:grass":1,"techreborn:rubber_leaves":5,"regions_unexplored:maple_log":2,"minecraft:sugar_cane":1,"treechop:chopped_log":1,"techreborn:rubber_log":1},"minecraft:custom":{"minecraft:time_since_rest":4983,"minecraft:crouch_one_cm":1060,"minecraft:play_time":4983,"minecraft:sprint_one_cm":20743,"minecraft:damage_taken":130,"minecraft:walk_one_cm":14111,"minecraft:sneak_time":344,"minecraft:walk_under_water_one_cm":858,"minecraft:jump":207,"minecraft:damage_dealt":226,"minecraft:time_since_death":4983,"minecraft:walk_on_water_one_cm":354,"minecraft:total_world_time":4983,"minecraft:hex":0,"minecraft:swim_one_cm":1100,"minecraft:fall_one_cm":1360,"minecraft:fly_one_cm":11998,"minecraft:horse_one_cm":1919}},"DataVersion":3465}