{"stats":{"minecraft:dropped":{"regions_unexplored:cattail":1,"ironchests:blank_chest_upgrade":1,"twigs:twig":1},"minecraft:used":{"minecraft:cooked_mutton":1,"minecraft:stone_sword":9,"minecraft:iron_shovel":1,"minecraft:bread":5,"minecraft:dirt":1,"regions_unexplored:maple_shrub":1},"minecraft:picked_up":{"minecraft:iron_chestplate":1,"minecraft:pumpkin":1,"ironchests:blank_chest_upgrade":1,"minecraft:dirt":1,"regions_unexplored:cattail":1,"regions_unexplored:red_maple_shrub":1,"minecraft:hay_block":1,"regions_unexplored:maple_shrub":1,"regions_unexplored:maple_log":3,"techreborn:rubber_log":1,"twigs:twig":1,"minecraft:sugar_cane":4},"minecraft:crafted":{"minecraft:book":1,"minecraft:paper":3,"minecraft:crafting_table":1,"minecraft:stick":4,"regions_unexplored:maple_planks":12,"minecraft:chest":1,"minecraft:bread":9,"techreborn:rubber_planks":4,"minecraft:wheat":9},"minecraft:mined":{"minecraft:hay_block":1,"techreborn:rubber_leaves":5,"regions_unexplored:maple_log":2,"treechop:chopped_log":1,"regions_unexplored:cattail":1,"minecraft:grass":1,"minecraft:dirt":1,"frostiful:hot_sun_lichen":1,"minecraft:sugar_cane":1,"regions_unexplored:maple_shrub":1,"techreborn:rubber_log":1},"minecraft:custom":{"minecraft:time_since_rest":16983,"minecraft:sprint_one_cm":41011,"lootr:looted_stat":2,"minecraft:damage_taken":160,"minecraft:walk_one_cm":21047,"minecraft:drop":3,"minecraft:damage_dealt":226,"minecraft:swim_one_cm":8775,"minecraft:interact_with_crafting_table":8,"minecraft:fly_one_cm":31456,"minecraft:open_chest":11,"minecraft:crouch_one_cm":1448,"minecraft:play_time":16983,"minecraft:sneak_time":429,"minecraft:walk_under_water_one_cm":1529,"minecraft:jump":1353,"minecraft:walk_on_water_one_cm":2442,"minecraft:time_since_death":16983,"minecraft:total_world_time":16983,"minecraft:hex":0,"minecraft:fall_one_cm":1778,"minecraft:horse_one_cm":1919}},"DataVersion":3465}