{"stats":{"minecraft:killed":{"minecraft:zombified_piglin":5,"minecraft:spider":3,"betternether:firefly":1,"minecraft:skeleton":25,"minecraft:chicken":1,"minecells:leaping_zombie":17,"minecells:grenadier":4,"minecraft:wolf":1,"minecraft:magma_cube":3,"minecraft:piglin":1,"minecraft:salmon":4,"minecraft:creeper":1,"minecraft:sheep":1,"minecraft:pillager":10,"archon:mana_leech":2,"tinyskeletons:baby_skeleton":1,"minecraft:zombie":4,"minecraft:stray":3,"fishofthieves:battlegill":1,"minecraft:ghast":4,"minecells:shieldbearer":4,"minecraft:blaze":2,"minecraft:cow":1,"promenade:duck":2,"graveyard:revenant":1,"minecraft:vindicator":1,"minecells:undead_archer":12,"fishofthieves:pondie":4,"bewitchment:ghost":1,"naturalist:deer":3,"minecraft:drowned":2,"graveyard:ghoul":1,"minecells:runner":2,"naturalist:bear":2,"minecraft:squid":1,"adventurez:deer":1,"betternether:jungle_skeleton":1,"tinyskeletons:baby_wither_skeleton":1,"minecraft:wither_skeleton":2},"minecraft:mined":{"minecraft:dark_oak_planks":1,"minecells:putrid_fence":1,"minecraft:spruce_planks":1,"regions_unexplored:maple_log":2,"minecraft:andesite_stairs":1,"minecraft:red_nether_bricks":4,"regions_unexplored:cattail":1,"minecraft:grass_block":1,"minecraft:gilded_blackstone":1,"minecraft:spawner":4,"regions_unexplored:stone_bud":7,"minecraft:pumpkin":1,"minecraft:water_cauldron":1,"minecells:wilted_wall_leaves":1,"minecraft:light_gray_concrete":2,"minecraft:tripwire":4,"minecraft:torch":11,"minecraft:sugar_cane":3,"minecraft:wall_torch":4,"lootr:trophy":1,"minecraft:stone_brick_stairs":1,"betternether:egg_plant":3,"minecraft:smooth_stone_slab":8,"minecraft:grass":1,"minecraft:dirt":1,"minecraft:netherrack":8,"minecraft:oak_leaves":2,"techreborn:sapphire_ore":5,"minecraft:candle":1,"minecraft:nether_bricks":44,"regions_unexplored:maple_leaves":1,"frostiful:hot_sun_lichen":1,"minecraft:hay_block":1,"betternether:wall_mushroom_brown":2,"betternether:feather_fern":1,"treechop:chopped_log":1,"regions_unexplored:larch_leaves":1,"minecraft:gold_block":1,"minecraft:bookshelf":5,"minecraft:potatoes":32,"bewitchment:salt_ore":6,"regions_unexplored:medium_grass":1,"minecraft:stone":13,"minecraft:orange_glazed_terracotta":4,"minecraft:basalt":6,"minecraft:crafting_table":1,"minecells:alchemy_equipment_0":1,"minecraft:lapis_ore":1,"betternether:rubeus_leaves":1,"techreborn:tin_ore":6,"techreborn:rubber_leaves":5,"betternether:jungle_plant":4,"techreborn:ruby_ore":4,"betternether:golden_lumabus_vine":1,"minecraft:light_blue_candle":1,"minecraft:polished_blackstone":1,"minecraft:stone_bricks":1,"regions_unexplored:maple_shrub":1,"techreborn:rubber_log":1},"minecraft:dropped":{"minecraft:spruce_sign":1,"minecraft:iron_sword":4,"minecraft:brown_mushroom":1,"paladins:holy_wand":1,"fishofthieves:pondie":1,"bewitchment:aconite_seeds":1,"minecells:broadsword":1,"minecells:infected_flesh":3,"simplyswords:diamond_rapier":1,"beachparty:rubber_ring_pelican":2,"minecraft:gold_nugget":5,"minecraft:bone_meal":6,"minecraft:bone_block":1,"minecraft:iron_pickaxe":1,"croptopia:calamari":1,"twigs:twig":3,"minecraft:bone":13,"betternether:jungle_moss":1,"minecraft:rotten_flesh":26,"minecraft:glowstone_dust":2,"minecraft:salmon":1,"spellbladenext:glacial_gladius":1,"regions_unexplored:cattail":1,"supplementaries:ash":1,"minecraft:tipped_arrow":1,"minecraft:gunpowder":3,"betternether:glowstone_pile":3,"minecraft:skeleton_skull":1,"naturalist:venison":4,"spellbladenext:fire_claymore":2,"minecraft:basalt":8,"minecraft:arrow":15,"minecraft:beef":7,"minecraft:netherrack":6,"minecraft:enchanted_book":1,"minecraft:water_bucket":1,"minecraft:iron_ingot":10,"minecraft:bread":4,"ironchests:blank_chest_upgrade":1,"minecraft:wheat_seeds":2,"betternether:feather_fern":3,"archon:magical_bookshelf":1,"minecells:promenade_dimensional_rune":1,"minecraft:poisonous_potato":2,"botania:orange_mystical_flower":1,"spellbladenext:frost_claymore":3,"minecraft:oak_fence":1,"minecraft:feather":4,"minecraft:cobblestone":4,"minecraft:book":2,"brewery:corn_seeds":1,"minecraft:coal":4,"minecraft:stick":7,"minecraft:torch":3,"bewitchment:garlic":1,"minecraft:oak_stairs":1,"minecraft:chainmail_leggings":1,"minecraft:paper":1,"minecraft:string":18,"netherdepthsupgrade:lava_pufferfish":2,"minecraft:spruce_sapling":4,"simplyswords:iron_cutlass":2,"minecraft:stone_sword":1,"simplyswords:ribboncleaver":2,"simplyswords:dormant_relic":1,"minecraft:composter":2,"betternether:golden_lumabus_seed":1,"minecraft:light_gray_concrete":2,"minecraft:nether_bricks":8,"minecraft:oak_sign":1,"minecraft:flint_and_steel":1,"spellbladenext:monkeystaff":2,"travelersbackpack:emerald":1,"minecraft:potato":1,"minecraft:shield":2,"minecraft:iron_chestplate":1,"bewitchment:ectoplasm":1,"minecraft:oak_sapling":1,"minecraft:spider_eye":1,"minecells:health_flask":1,"minecraft:stripped_spruce_wood":1},"minecraft:picked_up":{"archon:magical_bookshelf":1,"techreborn:raw_tin":5,"minecraft:iron_chestplate":2,"minecraft:oak_stairs":1,"minecraft:gilded_blackstone":1,"croptopia:calamari":1,"minecraft:stone_brick_stairs":1,"travelersbackpack:emerald":1,"minecraft:string":6,"minecraft:red_nether_bricks":4,"minecraft:orange_glazed_terracotta":4,"minecraft:oak_sign":1,"betternether:golden_lumabus_seed":1,"minecraft:gold_nugget":5,"regions_unexplored:maple_shrub":1,"techreborn:rubber_log":1,"minecraft:iron_pickaxe":1,"minecraft:tipped_arrow":1,"minecells:guts":11,"minecraft:composter":4,"minecraft:oak_fence":1,"minecraft:torch":18,"ironchests:blank_chest_upgrade":1,"simplyswords:dormant_relic":1,"minecraft:cauldron":1,"minecells:promenade_dimensional_rune":2,"minecraft:stone_sword":1,"minecraft:rotten_flesh":32,"supplementaries:ash":1,"betternether:feather_fern":3,"minecraft:cobblestone":10,"minecraft:feather":7,"betternether:glowstone_pile":3,"betternether:jungle_moss":1,"minecraft:water_bucket":1,"spellbladenext:monkeystaff":2,"minecraft:potato":112,"spellbladenext:glacial_gladius":1,"minecraft:stripped_spruce_wood":1,"minecraft:wither_skeleton_skull":1,"minecraft:dirt":2,"lootr:trophy":1,"minecraft:bone":26,"frostiful:frost_tipped_arrow":3,"minecraft:bow":1,"regions_unexplored:red_maple_shrub":1,"minecraft:wheat_seeds":2,"simplyswords:ribboncleaver":2,"minecraft:glowstone_dust":2,"croptopia:roe":1,"twigs:twig":5,"spellbladenext:frost_claymore":3,"fishofthieves:pondie":1,"minecraft:poisonous_potato":2,"minecraft:nether_brick_stairs":1,"minecraft:ink_sac":1,"techreborn:sapphire_gem":7,"minecraft:mossy_cobblestone":1,"regions_unexplored:cattail":1,"techreborn:peridot_gem":1,"minecraft:light_gray_concrete":2,"naturalist:antler":1,"minecells:explosive_bulb":4,"minecraft:crossbow":2,"minecraft:bone_meal":6,"minecraft:spruce_sign":2,"minecraft:emerald":5,"bewitchment:ectoplasm":1,"minecraft:oak_sapling":1,"minecraft:netherrack":6,"minecraft:light_blue_candle":4,"minecraft:crafting_table":1,"naturalist:venison":5,"minecraft:brown_mushroom":1,"minecraft:gold_block":1,"minecraft:shield":2,"graveyard:corruption":1,"minecraft:candle":4,"minecraft:beef":17,"minecraft:andesite_stairs":1,"netherdepthsupgrade:lava_pufferfish":1,"spellbladenext:fire_claymore":1,"minecraft:sugar_cane":8,"techreborn:ruby_gem":5,"simplyswords:iron_cutlass":1,"minecraft:dark_oak_planks":1,"bewitchment:garlic":1,"minecraft:arrow":53,"minecraft:nether_bricks":47,"artifacts:snowshoes":1,"minecraft:hay_block":1,"minecraft:mutton":1,"minecells:broadsword":1,"minecraft:white_wool":1,"minecraft:skeleton_skull":2,"minecraft:bone_block":1,"minecraft:basalt":10,"simplyswords:diamond_rapier":1,"minecraft:salmon":1,"minecraft:leather":4,"minecraft:gunpowder":5,"bewitchment:aconite_seeds":1,"minecraft:stone_bricks":1,"bewitchment:mandrake_seeds":4,"minecraft:iron_sword":2,"minecraft:book":6,"minecraft:pumpkin":2,"minecells:monster_cell":19,"minecells:infected_flesh":6,"bewitchment:belladonna_seeds":1,"bewitchment:salt":9,"minecraft:spruce_sapling":4,"minecraft:spruce_log":46,"minecraft:spider_eye":1,"botania:orange_mystical_flower":1,"paladins:holy_wand":1,"regions_unexplored:maple_log":3,"minecraft:coal":1},"minecraft:custom":{"lootr:looted_stat":114,"minecraft:interact_with_crafting_table":26,"minecraft:open_barrel":1,"minecraft:eat_cake_slice":5,"minecraft:leave_game":1,"minecraft:time_since_death":210922,"minecraft:damage_resisted":0,"minecraft:sprint_one_cm":1075836,"minecraft:damage_blocked_by_shield":45,"minecraft:drop":130,"minecraft:play_time":210922,"minecraft:jump":7819,"minecraft:walk_on_water_one_cm":200313,"minecraft:interact_with_furnace":16,"minecraft:interact_with_cartography_table":1,"minecraft:sleep_in_bed":2,"minecraft:damage_dealt":22560,"minecraft:crouch_one_cm":11172,"minecraft:interact_with_smoker":10,"minecraft:inspect_dispenser":3,"minecraft:horse_one_cm":1919,"minecraft:mob_kills":138,"minecraft:damage_dealt_resisted":0,"minecraft:climb_one_cm":20890,"minecraft:walk_one_cm":548107,"minecraft:sneak_time":3242,"minecraft:walk_under_water_one_cm":35577,"minecraft:total_world_time":210922,"minecraft:hex":0,"minecraft:time_since_rest":39958,"minecraft:damage_taken":3298,"minecraft:swim_one_cm":305045,"minecraft:fly_one_cm":1166746,"minecraft:open_chest":38,"minecraft:threat":23,"minecraft:fall_one_cm":101382},"minecraft:used":{"spellbladenext:frost_claymore":519,"minecraft:iron_shovel":2,"minecraft:chest":2,"minecraft:shield":3,"lootr:trophy":1,"minecraft:iron_chestplate":9,"minecraft:mutton":1,"simplyswords:diamond_rapier":19,"minecraft:nether_bricks":8,"minecraft:orange_glazed_terracotta":4,"spellbladenext:glacial_gladius":23,"minecraft:obsidian":4,"minecells:broadsword":12,"minecraft:stone_brick_stairs":1,"archers:mechanic_shortbow":38,"minecraft:cooked_cod":1,"minecraft:potato":32,"simplyswords:ribboncleaver":198,"minecraft:crossbow":1,"minecraft:bread":22,"fishofthieves:islehopper":1,"simplyswords:diamond_chakram":7,"minecraft:bone_meal":75,"minecraft:experience_bottle":1,"minecraft:stone_sword":51,"minecraft:spruce_planks":4,"minecraft:torch":67,"minecraft:dirt":2,"naturalist:venison":1,"minecraft:nether_brick_stairs":1,"minecraft:iron_hoe":3,"minecraft:dark_oak_planks":1,"simplyswords:gold_scythe":2,"minecraft:iron_axe":24,"spellbladenext:fire_claymore":20,"minecells:blood_sword":43,"minecells:guts":18,"minecraft:barrel":1,"minecraft:basalt":2,"minecraft:tripwire_hook":1,"minecraft:golden_carrot":11,"minecraft:cooked_beef":2,"minecraft:pumpkin":1,"minecraft:cooked_mutton":4,"minecraft:water_bucket":8,"techreborn:sapphire_boots":1,"minecraft:baked_potato":52,"minecraft:cauldron":1,"minecraft:mossy_cobblestone":1,"archers:composite_longbow":1,"minecraft:crafting_table":6,"regions_unexplored:maple_shrub":1,"simplyswords:watching_warglaive":4,"techreborn:ruby_pickaxe":108,"minecraft:iron_pickaxe":35,"minecraft:stone_axe":3,"minecraft:cobblestone":6,"travelersbackpack:standard":8,"minecraft:bucket":10,"beachparty:rubber_ring_pelican":10,"minecraft:diamond_leggings":1},"minecraft:crafted":{"minecraft:oak_planks":12,"regions_unexplored:maple_planks":12,"minecraft:diamond_leggings":1,"minecraft:iron_boots":1,"minecraft:chest":4,"minecraft:crafting_table":5,"minecraft:spruce_planks":88,"travelersbackpack:standard":1,"minecraft:baked_potato":60,"minecraft:iron_helmet":2,"techreborn:sapphire_boots":1,"travelersbackpack:emerald":1,"minecraft:book":1,"minecraft:paper":3,"minecraft:stick":36,"techreborn:rubber_planks":4,"techreborn:peridot_spade":1,"comforts:sleeping_bag_white":1,"minecraft:bone_meal":75,"minecraft:iron_axe":1,"minecraft:iron_hoe":1,"minecraft:wheat":9,"minecraft:cooked_beef":2,"minecraft:bucket":1,"minecraft:bread":14,"techreborn:ruby_pickaxe":1,"minecraft:air":0,"minecraft:white_wool":2,"minecraft:torch":52}},"DataVersion":3465}