{"stats":{"minecraft:dropped":{"ironchests:blank_chest_upgrade":1,"paladins:holy_wand":1,"brewery:corn_seeds":1,"regions_unexplored:cattail":1,"minecraft:string":1,"twigs:twig":1},"minecraft:killed":{"graveyard:ghoul":1,"minecraft:sheep":1,"minecraft:pillager":3,"minecraft:zombie":1},"minecraft:used":{"spellbladenext:frost_claymore":1,"minecraft:cooked_mutton":4,"minecraft:stone_sword":51,"minecraft:iron_shovel":2,"minecraft:shield":3,"minecraft:mossy_cobblestone":1,"minecraft:dirt":2,"minecraft:mutton":1,"archers:composite_longbow":1,"minecraft:crafting_table":1,"regions_unexplored:maple_shrub":1,"minecraft:orange_glazed_terracotta":4,"minecraft:crossbow":1,"minecraft:bread":5,"minecraft:iron_pickaxe":10,"minecraft:stone_axe":1,"minecraft:tripwire_hook":1,"minecraft:experience_bottle":1},"minecraft:picked_up":{"techreborn:raw_tin":5,"minecraft:iron_chestplate":1,"minecraft:crafting_table":1,"minecraft:dirt":2,"minecraft:orange_glazed_terracotta":4,"graveyard:corruption":1,"regions_unexplored:red_maple_shrub":1,"regions_unexplored:maple_shrub":1,"techreborn:rubber_log":1,"twigs:twig":1,"minecraft:sugar_cane":8,"minecraft:pumpkin":1,"ironchests:blank_chest_upgrade":1,"minecraft:mossy_cobblestone":1,"regions_unexplored:cattail":1,"minecraft:arrow":4,"minecraft:hay_block":1,"minecraft:crossbow":1,"regions_unexplored:maple_log":3,"minecraft:emerald":1,"minecraft:mutton":1,"minecraft:white_wool":1},"minecraft:crafted":{"minecraft:crafting_table":1,"comforts:sleeping_bag_white":1,"regions_unexplored:maple_planks":12,"minecraft:bread":9,"minecraft:white_wool":2,"minecraft:book":1,"minecraft:paper":3,"minecraft:stick":4,"minecraft:chest":1,"techreborn:rubber_planks":4,"minecraft:wheat":9},"minecraft:mined":{"regions_unexplored:maple_log":2,"minecraft:crafting_table":1,"regions_unexplored:cattail":1,"minecraft:grass_block":1,"frostiful:hot_sun_lichen":1,"minecraft:sugar_cane":3,"techreborn:tin_ore":5,"minecraft:hay_block":1,"techreborn:rubber_leaves":5,"treechop:chopped_log":1,"minecraft:grass":1,"minecraft:dirt":1,"regions_unexplored:medium_grass":1,"regions_unexplored:maple_shrub":1,"techreborn:rubber_log":1,"minecraft:orange_glazed_terracotta":4},"minecraft:custom":{"lootr:looted_stat":6,"minecraft:mob_kills":6,"minecraft:interact_with_crafting_table":9,"minecraft:time_since_death":28983,"minecraft:climb_one_cm":66,"minecraft:hex":0,"minecraft:time_since_rest":28983,"minecraft:sprint_one_cm":75935,"minecraft:damage_taken":270,"minecraft:walk_one_cm":51153,"minecraft:damage_blocked_by_shield":45,"minecraft:drop":6,"minecraft:damage_dealt":1370,"minecraft:swim_one_cm":9280,"minecraft:fly_one_cm":68631,"minecraft:open_chest":11,"minecraft:crouch_one_cm":1617,"minecraft:play_time":28983,"minecraft:sneak_time":500,"minecraft:walk_under_water_one_cm":2332,"minecraft:jump":2468,"minecraft:walk_on_water_one_cm":9376,"minecraft:total_world_time":28983,"minecraft:fall_one_cm":5449,"minecraft:horse_one_cm":1919}},"DataVersion":3465}