{"stats":{"minecraft:dropped":{"minecraft:bread":4,"ironchests:blank_chest_upgrade":1,"paladins:holy_wand":1,"botania:orange_mystical_flower":1,"spellbladenext:frost_claymore":2,"minecraft:cobblestone":2,"minecraft:rotten_flesh":2,"minecraft:flint_and_steel":1,"brewery:corn_seeds":1,"bewitchment:aconite_seeds":1,"regions_unexplored:cattail":1,"minecraft:gunpowder":2,"minecraft:torch":3,"bewitchment:garlic":1,"minecraft:iron_pickaxe":1,"minecraft:string":1,"minecraft:spruce_sapling":2,"simplyswords:iron_cutlass":2,"twigs:twig":1},"minecraft:killed":{"graveyard:ghoul":1,"naturalist:bear":1,"promenade:duck":2,"minecraft:spider":1,"minecraft:creeper":1,"minecraft:sheep":1,"minecraft:pillager":8,"minecraft:zombie":2,"minecraft:chicken":1,"fishofthieves:battlegill":1,"minecraft:cow":1},"minecraft:used":{"spellbladenext:frost_claymore":170,"minecraft:cooked_mutton":4,"techreborn:sapphire_boots":1,"minecraft:stone_sword":51,"minecraft:iron_shovel":2,"minecraft:shield":3,"minecraft:torch":15,"minecraft:mossy_cobblestone":1,"minecraft:dirt":2,"minecraft:mutton":1,"archers:composite_longbow":1,"minecraft:crafting_table":3,"regions_unexplored:maple_shrub":1,"minecraft:orange_glazed_terracotta":4,"minecraft:crossbow":1,"simplyswords:gold_scythe":2,"simplyswords:watching_warglaive":4,"techreborn:ruby_pickaxe":6,"minecraft:bread":22,"minecraft:iron_pickaxe":35,"minecraft:stone_axe":3,"minecraft:tripwire_hook":1,"minecraft:golden_carrot":2,"minecraft:experience_bottle":1},"minecraft:picked_up":{"techreborn:raw_tin":5,"minecraft:iron_chestplate":1,"minecraft:crafting_table":1,"minecraft:feather":3,"minecraft:gunpowder":2,"bewitchment:aconite_seeds":1,"minecraft:dirt":2,"minecraft:orange_glazed_terracotta":4,"graveyard:corruption":1,"regions_unexplored:red_maple_shrub":1,"regions_unexplored:maple_shrub":1,"minecraft:beef":2,"minecraft:iron_pickaxe":1,"techreborn:rubber_log":1,"spellbladenext:frost_claymore":2,"twigs:twig":1,"minecraft:sugar_cane":8,"minecraft:book":6,"minecraft:pumpkin":1,"minecraft:torch":7,"techreborn:ruby_gem":5,"ironchests:blank_chest_upgrade":1,"bewitchment:salt":9,"simplyswords:iron_cutlass":1,"minecraft:spruce_sapling":2,"techreborn:sapphire_gem":7,"minecraft:mossy_cobblestone":1,"regions_unexplored:cattail":1,"techreborn:peridot_gem":1,"bewitchment:garlic":1,"minecraft:arrow":9,"minecraft:rotten_flesh":2,"botania:orange_mystical_flower":1,"minecraft:hay_block":1,"paladins:holy_wand":1,"minecraft:crossbow":1,"regions_unexplored:maple_log":3,"minecraft:emerald":4,"minecraft:cobblestone":2,"minecraft:mutton":1,"minecraft:white_wool":1},"minecraft:crafted":{"minecraft:oak_planks":12,"minecraft:crafting_table":2,"techreborn:peridot_spade":1,"comforts:sleeping_bag_white":1,"regions_unexplored:maple_planks":12,"techreborn:sapphire_boots":1,"techreborn:ruby_pickaxe":1,"minecraft:bread":14,"minecraft:white_wool":2,"minecraft:book":1,"minecraft:paper":3,"minecraft:stick":24,"minecraft:chest":1,"minecraft:torch":52,"techreborn:rubber_planks":4,"minecraft:wheat":9},"minecraft:mined":{"techreborn:sapphire_ore":5,"regions_unexplored:maple_log":2,"minecraft:crafting_table":1,"minecraft:torch":3,"regions_unexplored:cattail":1,"minecraft:grass_block":1,"minecraft:lapis_ore":1,"frostiful:hot_sun_lichen":1,"minecraft:sugar_cane":3,"minecraft:wall_torch":1,"techreborn:tin_ore":5,"minecraft:hay_block":1,"techreborn:rubber_leaves":5,"regions_unexplored:stone_bud":7,"techreborn:ruby_ore":4,"treechop:chopped_log":1,"minecraft:smooth_stone_slab":8,"minecraft:grass":1,"minecraft:bookshelf":2,"bewitchment:salt_ore":6,"minecraft:dirt":1,"regions_unexplored:medium_grass":1,"minecraft:stone":2,"regions_unexplored:maple_shrub":1,"minecraft:oak_leaves":2,"techreborn:rubber_log":1,"minecraft:orange_glazed_terracotta":4},"minecraft:custom":{"minecraft:interact_with_furnace":1,"lootr:looted_stat":20,"minecraft:mob_kills":20,"minecraft:interact_with_crafting_table":12,"minecraft:time_since_death":52983,"minecraft:damage_resisted":0,"minecraft:climb_one_cm":6600,"minecraft:hex":0,"minecraft:time_since_rest":52983,"minecraft:sprint_one_cm":218697,"minecraft:damage_taken":746,"minecraft:walk_one_cm":138355,"minecraft:damage_blocked_by_shield":45,"minecraft:drop":27,"minecraft:damage_dealt":3556,"minecraft:swim_one_cm":25226,"minecraft:fly_one_cm":182335,"minecraft:open_chest":11,"minecraft:crouch_one_cm":2781,"minecraft:play_time":52983,"minecraft:sneak_time":827,"minecraft:walk_under_water_one_cm":15797,"minecraft:jump":4570,"minecraft:walk_on_water_one_cm":36598,"minecraft:threat":8,"minecraft:total_world_time":52983,"minecraft:fall_one_cm":19289,"minecraft:horse_one_cm":1919}},"DataVersion":3465}