{"stats":{"minecraft:killed":{"promenade:duck":2,"graveyard:revenant":1,"minecraft:spider":2,"minecells:undead_archer":12,"bewitchment:ghost":1,"minecraft:skeleton":6,"naturalist:deer":3,"minecraft:chicken":1,"minecraft:drowned":1,"minecells:leaping_zombie":17,"minecells:grenadier":4,"minecraft:wolf":1,"graveyard:ghoul":1,"minecells:runner":2,"naturalist:bear":2,"minecraft:salmon":4,"minecraft:squid":1,"minecraft:creeper":1,"minecraft:sheep":1,"minecraft:pillager":8,"minecraft:zombie":2,"fishofthieves:battlegill":1,"minecells:shieldbearer":4,"minecraft:cow":1},"minecraft:mined":{"techreborn:sapphire_ore":5,"minecells:putrid_fence":1,"regions_unexplored:maple_log":2,"regions_unexplored:cattail":1,"minecraft:grass_block":1,"frostiful:hot_sun_lichen":1,"minecraft:hay_block":1,"regions_unexplored:stone_bud":7,"minecraft:pumpkin":1,"treechop:chopped_log":1,"regions_unexplored:larch_leaves":1,"minecraft:water_cauldron":1,"minecraft:bookshelf":2,"minecraft:potatoes":32,"bewitchment:salt_ore":6,"minecells:wilted_wall_leaves":1,"regions_unexplored:medium_grass":1,"minecraft:stone":5,"minecraft:orange_glazed_terracotta":4,"minecraft:crafting_table":1,"minecraft:torch":11,"minecells:alchemy_equipment_0":1,"minecraft:lapis_ore":1,"minecraft:sugar_cane":3,"minecraft:wall_torch":4,"techreborn:tin_ore":6,"techreborn:rubber_leaves":5,"techreborn:ruby_ore":4,"minecraft:smooth_stone_slab":8,"minecraft:grass":1,"minecraft:dirt":1,"regions_unexplored:maple_shrub":1,"minecraft:oak_leaves":2,"techreborn:rubber_log":1,"minecraft:dark_oak_planks":1},"minecraft:dropped":{"minecraft:enchanted_book":1,"minecraft:water_bucket":1,"minecraft:spruce_sign":1,"minecraft:bread":4,"ironchests:blank_chest_upgrade":1,"paladins:holy_wand":1,"minecraft:poisonous_potato":2,"minecells:promenade_dimensional_rune":1,"botania:orange_mystical_flower":1,"spellbladenext:frost_claymore":3,"minecraft:oak_fence":1,"minecraft:feather":3,"minecraft:cobblestone":2,"brewery:corn_seeds":1,"bewitchment:aconite_seeds":1,"minecells:broadsword":1,"minecells:infected_flesh":3,"minecraft:torch":3,"bewitchment:garlic":1,"minecraft:oak_stairs":1,"minecraft:iron_pickaxe":1,"minecraft:chainmail_leggings":1,"minecraft:paper":1,"minecraft:string":3,"croptopia:calamari":1,"netherdepthsupgrade:lava_pufferfish":2,"minecraft:spruce_sapling":4,"twigs:twig":3,"simplyswords:iron_cutlass":2,"minecraft:bone":1,"simplyswords:ribboncleaver":1,"simplyswords:dormant_relic":1,"minecraft:composter":2,"minecraft:rotten_flesh":8,"minecraft:salmon":1,"minecraft:oak_sign":1,"minecraft:flint_and_steel":1,"spellbladenext:monkeystaff":2,"travelersbackpack:emerald":1,"regions_unexplored:cattail":1,"minecraft:potato":1,"minecraft:shield":2,"minecraft:gunpowder":3,"naturalist:venison":4,"bewitchment:ectoplasm":1,"minecraft:spider_eye":1,"minecraft:arrow":15,"minecraft:stripped_spruce_wood":1},"minecraft:picked_up":{"techreborn:raw_tin":5,"minecraft:crafting_table":1,"minecraft:iron_chestplate":1,"naturalist:venison":5,"minecraft:oak_stairs":1,"croptopia:calamari":1,"travelersbackpack:emerald":1,"minecraft:shield":2,"minecraft:string":2,"minecraft:orange_glazed_terracotta":4,"minecraft:oak_sign":1,"graveyard:corruption":1,"regions_unexplored:maple_shrub":1,"minecraft:beef":2,"netherdepthsupgrade:lava_pufferfish":1,"techreborn:rubber_log":1,"minecraft:iron_pickaxe":1,"minecraft:sugar_cane":8,"minecells:guts":11,"minecraft:composter":4,"minecraft:oak_fence":1,"minecraft:torch":17,"ironchests:blank_chest_upgrade":1,"techreborn:ruby_gem":5,"simplyswords:dormant_relic":1,"simplyswords:iron_cutlass":1,"minecraft:cauldron":1,"minecraft:dark_oak_planks":1,"minecells:promenade_dimensional_rune":2,"minecraft:arrow":29,"bewitchment:garlic":1,"minecraft:rotten_flesh":14,"artifacts:snowshoes":1,"minecraft:hay_block":1,"minecraft:skeleton_skull":1,"minecraft:mutton":1,"minecells:broadsword":1,"minecraft:white_wool":1,"minecraft:cobblestone":2,"minecraft:feather":6,"minecraft:water_bucket":1,"minecraft:salmon":1,"minecraft:leather":4,"spellbladenext:monkeystaff":2,"minecraft:potato":112,"minecraft:stripped_spruce_wood":1,"minecraft:gunpowder":5,"bewitchment:aconite_seeds":1,"minecraft:dirt":2,"minecraft:bone":3,"regions_unexplored:red_maple_shrub":1,"simplyswords:ribboncleaver":1,"croptopia:roe":1,"twigs:twig":5,"spellbladenext:frost_claymore":2,"minecraft:book":6,"minecraft:pumpkin":2,"minecells:monster_cell":19,"minecraft:poisonous_potato":2,"minecells:infected_flesh":6,"bewitchment:salt":9,"minecraft:spruce_sapling":4,"minecraft:ink_sac":1,"minecraft:spruce_log":46,"techreborn:sapphire_gem":7,"minecraft:spider_eye":1,"minecraft:mossy_cobblestone":1,"regions_unexplored:cattail":1,"techreborn:peridot_gem":1,"naturalist:antler":1,"minecells:explosive_bulb":4,"botania:orange_mystical_flower":1,"paladins:holy_wand":1,"minecraft:crossbow":1,"regions_unexplored:maple_log":3,"minecraft:spruce_sign":2,"minecraft:emerald":5,"bewitchment:ectoplasm":1},"minecraft:custom":{"lootr:looted_stat":76,"minecraft:mob_kills":81,"minecraft:interact_with_crafting_table":25,"minecraft:damage_dealt_resisted":0,"minecraft:eat_cake_slice":5,"minecraft:time_since_death":134271,"minecraft:climb_one_cm":6938,"minecraft:damage_resisted":0,"minecraft:sprint_one_cm":711835,"minecraft:walk_one_cm":353017,"minecraft:damage_blocked_by_shield":45,"minecraft:drop":71,"minecraft:play_time":134271,"minecraft:sneak_time":1010,"minecraft:walk_under_water_one_cm":19372,"minecraft:jump":6302,"minecraft:walk_on_water_one_cm":101400,"minecraft:total_world_time":134271,"minecraft:interact_with_furnace":14,"minecraft:interact_with_cartography_table":1,"minecraft:sleep_in_bed":1,"minecraft:hex":0,"minecraft:time_since_rest":69975,"minecraft:damage_taken":1724,"minecraft:damage_dealt":14146,"minecraft:swim_one_cm":55393,"minecraft:fly_one_cm":536390,"minecraft:open_chest":38,"minecraft:crouch_one_cm":3352,"minecraft:threat":11,"minecraft:interact_with_smoker":9,"minecraft:fall_one_cm":37590,"minecraft:horse_one_cm":1919},"minecraft:used":{"minecraft:stone_sword":51,"minecraft:iron_shovel":2,"minecraft:chest":2,"minecraft:shield":3,"minecraft:torch":45,"minecraft:dirt":2,"minecraft:mutton":1,"naturalist:venison":1,"minecraft:orange_glazed_terracotta":4,"minecraft:iron_hoe":3,"minecraft:dark_oak_planks":1,"simplyswords:gold_scythe":2,"minecraft:iron_axe":24,"minecells:blood_sword":43,"minecells:broadsword":12,"minecells:guts":18,"minecraft:tripwire_hook":1,"minecraft:golden_carrot":11,"minecraft:cooked_cod":1,"minecraft:cooked_beef":2,"minecraft:potato":32,"simplyswords:ribboncleaver":129,"minecraft:pumpkin":1,"minecraft:cooked_mutton":4,"minecraft:water_bucket":1,"techreborn:sapphire_boots":1,"minecraft:baked_potato":6,"minecraft:cauldron":1,"minecraft:mossy_cobblestone":1,"archers:composite_longbow":1,"minecraft:crafting_table":4,"regions_unexplored:maple_shrub":1,"minecraft:crossbow":1,"simplyswords:watching_warglaive":4,"techreborn:ruby_pickaxe":12,"minecraft:bread":22,"minecraft:iron_pickaxe":35,"minecraft:stone_axe":3,"simplyswords:diamond_chakram":7,"travelersbackpack:standard":8,"minecraft:bucket":3,"minecraft:diamond_leggings":1,"minecraft:bone_meal":75,"minecraft:experience_bottle":1,"spellbladenext:frost_claymore":182},"minecraft:crafted":{"minecraft:oak_planks":12,"techreborn:peridot_spade":1,"comforts:sleeping_bag_white":1,"regions_unexplored:maple_planks":12,"minecraft:bone_meal":75,"minecraft:iron_boots":1,"minecraft:diamond_leggings":1,"minecraft:iron_axe":1,"minecraft:iron_hoe":1,"minecraft:chest":4,"minecraft:wheat":9,"minecraft:cooked_beef":2,"minecraft:crafting_table":3,"minecraft:spruce_planks":88,"minecraft:baked_potato":60,"travelersbackpack:standard":1,"minecraft:iron_helmet":2,"minecraft:bucket":1,"techreborn:ruby_pickaxe":1,"techreborn:sapphire_boots":1,"minecraft:bread":14,"minecraft:air":0,"travelersbackpack:emerald":1,"minecraft:white_wool":2,"minecraft:book":1,"minecraft:paper":3,"minecraft:stick":32,"minecraft:torch":52,"techreborn:rubber_planks":4}},"DataVersion":3465}