{"stats":{"minecraft:dropped":{"minecraft:bread":4,"ironchests:blank_chest_upgrade":1,"paladins:holy_wand":1,"spellbladenext:frost_claymore":2,"brewery:corn_seeds":1,"regions_unexplored:cattail":1,"minecraft:torch":3,"minecraft:string":1,"simplyswords:iron_cutlass":2,"twigs:twig":1},"minecraft:killed":{"graveyard:ghoul":1,"minecraft:sheep":1,"minecraft:pillager":5,"minecraft:zombie":1,"minecraft:chicken":1},"minecraft:used":{"spellbladenext:frost_claymore":28,"minecraft:cooked_mutton":4,"minecraft:stone_sword":51,"minecraft:iron_shovel":2,"minecraft:shield":3,"minecraft:torch":12,"minecraft:mossy_cobblestone":1,"minecraft:dirt":2,"minecraft:mutton":1,"archers:composite_longbow":1,"minecraft:crafting_table":3,"regions_unexplored:maple_shrub":1,"minecraft:orange_glazed_terracotta":4,"minecraft:crossbow":1,"minecraft:bread":13,"minecraft:iron_pickaxe":35,"minecraft:stone_axe":3,"minecraft:tripwire_hook":1,"minecraft:experience_bottle":1},"minecraft:picked_up":{"techreborn:raw_tin":5,"minecraft:iron_chestplate":1,"minecraft:crafting_table":1,"minecraft:dirt":2,"minecraft:orange_glazed_terracotta":4,"graveyard:corruption":1,"regions_unexplored:red_maple_shrub":1,"regions_unexplored:maple_shrub":1,"techreborn:rubber_log":1,"spellbladenext:frost_claymore":2,"twigs:twig":1,"minecraft:sugar_cane":8,"minecraft:book":6,"minecraft:pumpkin":1,"minecraft:torch":4,"techreborn:ruby_gem":3,"ironchests:blank_chest_upgrade":1,"bewitchment:salt":9,"simplyswords:iron_cutlass":1,"techreborn:sapphire_gem":4,"minecraft:mossy_cobblestone":1,"regions_unexplored:cattail":1,"techreborn:peridot_gem":1,"minecraft:arrow":6,"minecraft:hay_block":1,"paladins:holy_wand":1,"minecraft:crossbow":1,"regions_unexplored:maple_log":3,"minecraft:emerald":3,"minecraft:mutton":1,"minecraft:white_wool":1},"minecraft:crafted":{"minecraft:oak_planks":12,"minecraft:crafting_table":2,"techreborn:peridot_spade":1,"comforts:sleeping_bag_white":1,"regions_unexplored:maple_planks":12,"techreborn:ruby_pickaxe":1,"minecraft:bread":14,"minecraft:white_wool":2,"minecraft:book":1,"minecraft:paper":3,"minecraft:stick":8,"minecraft:chest":1,"minecraft:torch":16,"techreborn:rubber_planks":4,"minecraft:wheat":9},"minecraft:mined":{"techreborn:sapphire_ore":3,"regions_unexplored:maple_log":2,"minecraft:crafting_table":1,"regions_unexplored:cattail":1,"minecraft:grass_block":1,"minecraft:lapis_ore":1,"frostiful:hot_sun_lichen":1,"minecraft:sugar_cane":3,"minecraft:wall_torch":1,"techreborn:tin_ore":5,"minecraft:hay_block":1,"techreborn:rubber_leaves":5,"regions_unexplored:stone_bud":5,"techreborn:ruby_ore":2,"treechop:chopped_log":1,"minecraft:smooth_stone_slab":8,"minecraft:grass":1,"minecraft:bookshelf":2,"bewitchment:salt_ore":6,"minecraft:dirt":1,"regions_unexplored:medium_grass":1,"regions_unexplored:maple_shrub":1,"techreborn:rubber_log":1,"minecraft:orange_glazed_terracotta":4},"minecraft:custom":{"lootr:looted_stat":17,"minecraft:mob_kills":9,"minecraft:interact_with_crafting_table":11,"minecraft:time_since_death":40983,"minecraft:climb_one_cm":1300,"minecraft:hex":0,"minecraft:time_since_rest":40983,"minecraft:sprint_one_cm":133876,"minecraft:damage_taken":440,"minecraft:walk_one_cm":94281,"minecraft:damage_blocked_by_shield":45,"minecraft:drop":17,"minecraft:damage_dealt":1836,"minecraft:swim_one_cm":18717,"minecraft:fly_one_cm":87774,"minecraft:open_chest":11,"minecraft:crouch_one_cm":2667,"minecraft:play_time":40983,"minecraft:sneak_time":782,"minecraft:walk_under_water_one_cm":4921,"minecraft:jump":3602,"minecraft:walk_on_water_one_cm":10688,"minecraft:threat":3,"minecraft:total_world_time":40983,"minecraft:fall_one_cm":8950,"minecraft:horse_one_cm":1919}},"DataVersion":3465}